;Brazil CPI IPCA MoM;FGV Brazil General Prices IGP-;FGV Brazil General Prices IGP-;FGV Brazil General Prices IGP-;FGV Brazil General Prices IGP-;Brazil CPI IPCA Median Market;Brazil Total Electricity Consu;Brazil Industrial Electricity;BofA Merrill Lynch Economic Co;CNI Brazil Manufacture Industr;CNI Brazil Manufacture Industr;Brazil Industrial Production S;Brazil Industrial Production A;IBGE Brazil Unemployment Rate;Brazil Unemployment Statistic;Brazil Unemployment Statistic;IMF Brazil Unemployment Rate i;CNI Brazil Manufacture Industr;Brazil Industry Working Hours;Brazil Average Real Income;Brazil Minimum Wage;USD-BRL X-RATE;USD-BRL X-RATE;EUR-BRL X-RATE;BRAZIL IBOVESPA INDEX;Brazil Savings Accounts Deposi;Brazil Total Savings Deposits;Brazil BNDES Long Term Interes;Brazil Selic Target Rate;Brazil Cetip DI Interbank Depo;Brazil National Treasury Reven;Brazil Social Contribution ove;Brazil PIS & PASEP Tax Income;Brazil Central Government Net;Brazil Central Government Reve;Brazil Central Government Tota;Brazil National Treasury Gross;Brazil Importing Tax Income No;BNDES Brazil Income Taxes UmBr;Brazil National Treasury Reven;Brazil National Treasury Reven;Brazil Central Government Reve;Brazil National Treasury Reven;Brazil Current Account Monthly;Brazil Trade Balance FOB Balan;Brazil Public Net Fiscal Debt;Brazil Public Net Fiscal Debt;Brazilian Federal Government D;Brazil Public Net Government &;Brazilian States Debt to Forei;Brazilian States Debt to Forei;Brazilian Cities Debt to Forei;Brazilian Cities Debt to Forei;Brazil Monetary Base;Brazil Money Supply M1 Brazil;Brazil Money Supply M2 Brazil;Brazil Money Supply M3 Brazil;Brazil Money Supply M4 Brazil;t.1;t.2;t.3;t.4;t.5;t.6;t.7;t.8;t.9;t.10;t.11;t.12;t.13;X5t.1;X5t.2;X5t.3;X5t.4;X5t.5;X5t.6;X5t.7;X5t.8;X5t.9;X5t.10;X5t.11;X5t.12;X5t.13;fmed2;fmean;fmean2;fdp;lfmed2;lfmean;lfmean2;lfdp
31/01/2003;2.25;2.33;2.17;5.816;2.29;11.56;25422;-359;-1.47;0;1.00E-04;-2.4;-0.2;-0.4;-46;-61;10.8999;0;-0.95;1977.35;200;1.7476542;-0.0425;-0.07;-327.38;0.9902;698;1;0.5;0.45;4.863;-11.59;-3.55;28.955;23.586;33.698;24.678;-6.97;0.000774;0.027;3.316;10.073;0.024;48.6;1161;1.13;23.25;15.9099;-1;1.0799;18.6199;2.9699;0.1699;64.37;15.9;11.89;12.89;11.3;2;1.15;0.7;0.67;0.7;0.82;1.4;0.9;0.7;0.7;0.74;0.7;0.7;2.1;1.4;0.65;0.65;0.6;0.75;1.62;0.8;0.59;0.65;0.81;0.8;0.68;4;1.96;3.8416;0.18;1.3225;1.15;1.3225;0.24
28/02/2003;1.57;2.28;1.59;4.351;2.42;10.95;25163;-303;-1.21;80.5999;79.5;0.5;7.4;0.7;60;114;-0.4;91.0999;-0.83;2182.64;200;0.686527504;0.071;0.0708;-660.48;1.0103;109;0;1;1;5.261;88.62;34.02;26.555;26.763;32.259;27.146;2.96;0.000433;0.024;2.051;5.461;0.015;256.9;2281;0.27;9.93;-0.84;0.59;-0.03;-0.21;-0.07;0;67.49;-15.4;-8.99;5.05;10.55;1.6;0.87;0.7;0.7;0.8;1.47;0.8;0.65;0.7;0.7;0.67;0.7;0.6;1.65;0.95;0.62;0.7;0.6;1.6;0.61;0.5;0.67;0.83;0.82;0.68;0.48;2.56;1.6;2.56;0.26;0.7569;0.91;0.8281;0.27
31/03/2003;1.23;1.53;1.66;4.593;1.58;9.58;24960;115;-0.35;-0.3;79.2;0.3;-10.9;0.4;21;73;0.7;0.2;-1.2;1802.82;200;-1.137744959;-0.216;-0.1975;993.02;0.8801;-332;0;0;-0.05;4.426;-28.31;-21.59;21.502;21.426;27.647;21.71;0.66;-0.004145;-0.039;1.839;6.111;0.015;-366.9;3825;-0.01;7.56;-0.21;0.12;-0.01;-0.07;0;-0.01;66.03;-1.48;2.59;10.59;5.44;0.94;0.7;0.64;0.78;1.45;0.8;0.6;0.7;0.69;0.65;0.7;0.6;0.52;0.95;0.85;0.6;0.6;1.6;0.65;0.5;0.6;0.7;0.66;0.68;0.55;0.5;0.8836;0.93;0.8649;0.13;0.49;0.73;0.5329;0.17
30/04/2003;0.97;0.92;0.41;1.173;1.24;8.88;25284;93;-0.15;-0.5;79.8;0;-10.9;0.5;34;94;0.4;-0.1;-1.8;1747.43;200;3.611014723;-0.442;-0.403;1283.07;0.9205;-1203;1;0;0.05;4.522;-0.56;1.97;21.393;20.374;26.162;20.655;-4.74;-0.007286;-0.013;1.972;5.712;0.01;376.8;5556;0;8.04;0.17;-1.49;0.03;0.66;0.09;0.01;68.23;-3.86;-5.86;3.9;3.9;1;0.5;0.64;1.4;0.71;0.6;0.6;0.65;0.6;0.73;0.62;0.5;0.6;1.1;0.4;0.68;1.55;0.7;0.51;0.6;0.73;0.6;0.85;0.63;0.45;0.78;1;0.97;0.9409;0.14;0.25;0.52;0.2704;0.18
31/05/2003;0.61;-0.26;-0.67;-1.86;0.02;8.22;24785;285;-0.47;0;79.3;-0.4;-0.8;0.4;46;33;0.5;0.2;2.42;1747.23;240;22.803086;0.057;0.2439;864.9;0.9673;-920;0;0;-0.1;4.583;29.94;1.32;27.531;26.109;32.034;26.537;-3.68;-0.000277;0.08;2.152;5.85;0.017;-1122.2;8083;-0.87;-5.4;-0.99;-3.44;-0.07;-1.23;-0.18;-0.01;65.11;-2.61;-2.98;1.78;1.88;0.5;0.55;1.35;0.7;0.55;0.58;0.65;0.6;0.7;0.6;0.5;0.6;0.4;0.5;0.49;1.51;0.7;0.51;0.6;0.7;0.6;0.65;0.6;0.45;0.6;0.43;0.25;0.5;0.25;0.1;0.3025;0.55;0.3025;0.15
30/06/2003;-0.15;-1;-0.7;-1.949;-0.59;6.91;24889;-99;-0.73;0.1;80.2;-1.6;-3.6;0.4;50;59;0.3;0.3;0.1;1697.3;240;-1.583900027;-0.1235;-0.2247;-449.02;0.9187;-486;0;-0.5;-0.5;4.62;3.26;8.63;22.752;23.363;29.488;23.741;-7.86;-0.001587;-0.063;1.986;6.047;0.011;1826.1;10445;0.17;8.84;-1.91;0.81;-0.13;-2.5;-0.37;-0.02;63.84;-1.17;3.11;8.61;9.97;0.1;1.05;0.65;0.5;0.55;0.6;0.54;0.7;0.56;0.45;0.55;0.4;0.5;0.1;1.01;0.63;0.45;0.55;0.65;0.6;0.75;0.47;0.48;0.63;0.51;0.55;0.01;0.17;0.0289;0.17;1.1025;1.07;1.1449;0.21
31/07/2003;0.2;-0.42;-0.2;-0.544;-0.73;6.29;24536;38;-0.14;-0.5;79.6;0.1;-1.6;0.1;17;18;0.4;-0.1;1.34;1698.69;240;3.512027272;0.122;0.0575;599.15;1.0492;-86;0;-1.5;-1.47;4.813;-35.23;-1.19;20.825;18.781;25.052;20.314;-5.33;0.001174;0.008;1.855;6.171;0.015;-399.9;12511;0.11;7.37;0.82;-0.16;0.05;0.53;0.09;0.01;67.84;2.3;-2.12;10.24;7;0.3;0.58;0.5;0.51;0.6;0.5;0.66;0.54;0.45;0.53;0.4;0.48;0.8;0.2;0.65;0.65;0.68;0.66;0.6;0.7;0.4;0.45;0.6;0.5;0.5;0.97;0.09;0.39;0.1521;0.28;0.3364;0.56;0.3136;0.18
31/08/2003;0.34;0.38;0.62;1.733;0.21;6.25;24443;30;1.11;-0.2;79.2;-0.1;-2.5;-0.2;-31;-22;0.2;-0.5;-1.21;1698.95;240;-3.471125641;0.01;-0.1033;1602.76;0.9058;534;0;-2.5;-2.52;4.65;34.16;-3.63;25.513;23.008;29.526;24.323;14.06;0.000177;0.076;2.335;6.407;0.014;267.5;15194;0.2;10.55;-0.18;0.95;-0.01;-0.41;-0.08;-0.01;58.43;-1.37;2.42;17.53;16.45;0.34;0.54;0.5;0.58;0.5;0.6;0.5;0.4;0.5;0.4;0.45;0.7;0.5;0.29;0.6;0.52;0.58;0.55;0.59;0.43;0.5;0.63;0.52;0.55;0.68;0.57;0.1156;0.36;0.1296;0.12;0.2916;0.52;0.2704;0.15
30/09/2003;0.78;1.18;1.05;2.934;0.95;6.55;24629;-26;2.16;0;79.9;1.4;4.4;0.3;18;68;-0.2;-0.2;1.3;1696.5;240;-0.271898723;-0.076;0.1527;836.18;0.8381;642;0;-2;-1.98;4.805;-29.87;3.74;23.103;21.555;28.172;22.192;-5.67;0.000519;-0.078;1.79;6.535;0.014;470.4;17869;0.16;9.18;0.46;0.33;0.04;0.59;0.05;0.01;56.11;0.08;1.94;16.92;14.31;0.7;0.53;0.5;0.5;0.6;0.5;0.4;0.5;0.35;0.45;0.7;0.5;0.4;0.7;0.55;0.45;0.4;0.53;0.38;0.44;0.55;0.35;0.43;0.65;0.5;0.3;0.49;0.68;0.4624;0.09;0.2809;0.52;0.2704;0.13
31/10/2003;0.29;0.38;0.44;1.24;0.67;6.14;24621;64;2.12;0.4;80.6;3.3;8.8;-0.1;-5;18;0.2;-0.2;-0.45;1663.18;240;2.113459399;-0.0325;-0.057;1971.82;0.8229;-80;-1;-1;-0.96;4.992;14.18;2.79;23.751;21.414;28.058;22.435;16.99;-0.001612;0.013;1.862;6.603;0.142;110.6;20418;-0.21;5.7;-0.07;-1.99;0.01;0.13;0.02;0;57.71;1.04;0.49;13.02;16.36;0.5;0.55;0.5;0.6;0.49;0.4;0.5;0.4;0.45;0.7;0.5;0.4;0.45;0.5;0.47;0.48;0.55;0.4;0.45;0.65;0.4;0.48;0.75;0.5;0.3;0.44;0.25;0.51;0.2601;0.08;0.3025;0.53;0.2809;0.11
30/11/2003;0.34;0.49;0.48;1.366;0.45;5.8;25715;358;1.36;0;80.7;-0.1;1.3;0;15;-31;-0.1;0;0.06;1641.62;240;0.937979136;0.0785;0.2106;2201.48;0.7975;-38;0;-1.5;-1.5;5.466;45.18;1.61;27.242;24.62;31.671;26.388;-5.41;0.002067;0.065;2.337;6.965;0.038;-1271.8;22148;-0.37;2.17;-0.09;-0.83;-0.01;-0.02;0;0;62.42;0.15;-2.08;11.86;9.07;0.35;0.45;0.6;0.47;0.4;0.5;0.36;0.45;0.7;0.5;0.4;0.45;0.47;0.3;0.45;0.6;0.4;0.4;0.6;0.4;0.48;0.6;0.5;0.4;0.45;0.4;0.1225;0.36;0.1296;0.1;0.2025;0.45;0.2025;0.09
31/12/2003;0.52;0.61;0.6;1.719;0.59;5.91;25784;38;0.12;0;80.2;2.1;5.8;-0.8;-92;-66;0;0.4;1.57;1650.07;240;-2.230204714;-0.0545;0.1071;2052.42;0.6219;1992;0;-1;-0.98;5.791;-9.35;7.42;24.31;23.056;29.701;25.318;-4.09;-0.000754;-0.057;2.416;6.568;0.026;-206.1;24912;0.11;8.69;-0.2;0.51;-0.03;-0.44;-0.04;0;73.22;6.57;12.41;23.8;25.16;0.45;0.6;0.5;0.4;0.48;0.35;0.43;0.7;0.5;0.4;0.45;0.48;0.5;0.41;0.64;0.5;0.42;0.5;0.4;0.48;0.6;0.5;0.4;0.45;0.44;0.43;0.2025;0.45;0.2025;0.06;0.36;0.6;0.36;0.13
31/01/2004;0.76;0.88;0.8;2.306;0.76;6.03;25844;-67;-0.5;0.3;78.5;-3;-0.8;-1.3;-104;-204;-0.7;0.2;-1.39;1705.17;240;1.535507015;0.043;0.02;-384.95;0.6334;3283;-1;0;-0.05;5.636;19.86;0.88;31.953;24.463;36.886;26.758;-1.63;0.000774;0.038;3.861;12.298;0.024;485.3;1593;0.42;16.37;0.38;0.56;0.04;0.79;0.14;0;68.9;17.55;14.46;26.82;30.86;0.75;0.7;0.41;0.42;0.35;0.4;0.6;0.5;0.4;0.45;0.45;0.45;0.5;0.77;0.73;0.48;0.43;0.4;0.44;0.6;0.45;0.4;0.43;0.45;0.4;0.45;0.5625;0.75;0.5625;0.06;0.49;0.71;0.5041;0.13
29/02/2004;0.61;0.69;1.08;3.135;0.78;5.64;25398;-810;-0.14;0.3;78.9;2.2;7;0.8;64;77;-1.3;0.2;-0.61;1981.4;240;-1.216248694;-0.0286;-0.031;-96.42;0.6323;270;0;0;0.02;5.821;29.05;7.12;29.187;28.746;34.67;29.315;-6.13;-9.10E-05;0.034;2.43;5.85;0.011;341.7;3565;-0.34;0.81;-0.5;0.48;-0.02;-0.01;-0.01;0;68.87;-11.57;-7.83;8.79;14.87;0.71;0.44;0.4;0.3;0.4;0.62;0.5;0.4;0.41;0.42;0.45;0.5;0.46;0.7;0.45;0.43;0.4;0.5;0.6;0.5;0.4;0.43;0.45;0.5;0.6;0.5;0.5041;0.72;0.5184;0.07;0.1936;0.43;0.1849;0.08
31/03/2004;0.47;1.13;0.93;2.732;1.05;5.54;24906;133;0.39;0.2;79.1;1;0.3;0.3;-31;111;0.8;0.5;-1.38;1676.45;240;0.804938122;-0.0106;-0.064;387.24;0.5988;302;0;-0.25;-0.22;5.369;-32.82;-10.69;25.228;24.245;31.448;24.575;-15.1;0.000347;-0.056;2.222;7.113;0.009;-485.6;6164;-0.07;3.17;0.19;-0.71;0;0.27;0.02;0;63.12;1.46;3.04;9.84;13.21;0.43;0.41;0.35;0.4;0.66;0.5;0.4;0.4;0.43;0.46;0.5;0.48;0.35;0.4;0.42;0.4;0.5;0.62;0.5;0.4;0.38;0.45;0.5;0.5;0.49;0.34;0.1849;0.42;0.1764;0.06;0.1681;0.43;0.1849;0.08
30/04/2004;0.37;1.21;1.15;3.385;1.2;5.6;25496;295;0.28;0.8;81.3;1.2;1;0.8;104;98;0.3;0.5;-0.8;1687.97;240;0.302372905;0.0377;-0.0534;-2535.03;0.5912;-636;-0.25;-0.25;-0.28;5.678;7.38;-10.92;28.02;25.708;32.951;26.46;45.04;-0.000197;0.075;2.728;7.138;0.015;554.7;8135;-0.23;3.22;-0.36;-0.35;-0.02;-0.13;-0.02;0;65.61;-1.81;1.66;10.04;8.43;0.41;0.4;0.4;0.68;0.5;0.43;0.4;0.44;0.46;0.5;0.5;0.34;0.37;0.37;0.45;0.5;0.7;0.5;0.4;0.4;0.4;0.5;0.67;0.51;0.45;0.41;0.1681;0.42;0.1764;0.08;0.16;0.41;0.1681;0.08
31/05/2004;0.51;1.31;1.46;4.372;1.24;5.95;26084;111;0.26;0.4;81.1;0.8;4.2;0.3;41;45;0.8;0.2;2.65;1680.52;240;-1.065484064;0.256;0.3736;-62.56;0.7013;460;0;0;0.07;6.075;8.65;4.62;29.466;27.607;34.897;28.29;-2.2;0.002803;-0.084;2.221;7.198;0.018;-1510.9;11263;-0.31;0.45;-0.31;-0.18;-0.05;-0.6;-0.07;-0.01;66.82;0.19;1.22;5.23;4.7;0.5;0.5;0.76;0.51;0.45;0.43;0.45;0.5;0.5;0.48;0.35;0.37;0.34;0.48;0.52;0.85;0.55;0.4;0.4;0.4;0.5;0.48;0.53;0.38;0.41;0.39;0.25;0.51;0.2601;0.06;0.25;0.51;0.2601;0.12
30/06/2004;0.71;1.38;1.29;3.904;1.5;6.35;26386;1097;0.68;-0.3;81.6;0.8;2.8;-0.9;-79;-110;0.3;0.9;-0.62;1666.32;260;-0.297220126;-0.104;-0.1222;1604.24;0.6416;2539;0;0;-0.09;7.086;-31.75;15.26;26.305;25.544;32.907;26.415;-7.99;0.000504;0.022;2.268;7.276;0.021;2237.3;15081;-0.16;4.63;-0.79;0.55;-0.02;-0.09;0.02;0;67.99;3.35;16.78;14.65;15.05;0.67;0.91;0.55;0.45;0.42;0.48;0.5;0.55;0.5;0.36;0.39;0.34;0.45;0.65;0.9;0.55;0.4;0.42;0.4;0.52;0.63;0.55;0.33;0.3;0.34;0.45;0.4489;0.68;0.4624;0.07;0.8281;0.94;0.8836;0.13
31/07/2004;0.91;1.31;1.14;3.488;1.31;6.29;26190;267;0.63;0.8;82.4;0.7;2.5;-0.5;-48;-63;-0.9;0.7;0.77;1694.64;260;2.748507964;-0.0485;-0.1145;1187.96;0.7048;1938;0;0;0.02;7.473;-3.08;4.69;29.108;25.32;33.319;27.724;20.25;-0.001743;0.093;2.52;7.9;0.011;537.7;18563;-0.42;2.64;0.51;-0.48;0.04;1.08;0.17;0;73.11;1.21;8.71;12.7;11.13;0.95;0.58;0.51;0.45;0.51;0.5;0.57;0.5;0.36;0.37;0.35;0.45;0.7;0.92;0.57;0.51;0.42;0.52;0.49;0.53;0.53;0.31;0.31;0.3;0.47;0.66;0.9025;0.94;0.8836;0.08;0.3364;0.59;0.3481;0.08
31/08/2004;0.69;1.22;1.31;4.073;0.84;6.27;26573;322;0.58;0.6;82.9;0.6;1.4;-0.5;-29;-72;-0.5;0.7;-0.41;1718.99;260;1.346128852;-0.1095;-0.0782;466.32;0.7333;2138;0;0;0.08;6.608;74.61;-9.94;29.509;27.223;34.826;29.129;1.09;-0.001636;-0.073;2.461;7.509;0.011;-219;22013;-0.26;4.73;-0.21;-0.71;0.03;0.91;0.15;0.01;72.2;0.73;5.43;10.77;11.55;0.62;0.6;0.45;0.55;0.5;0.6;0.5;0.4;0.38;0.35;0.45;0.7;0.5;0.68;0.6;0.42;0.58;0.57;0.6;0.55;0.4;0.35;0.34;0.35;0.65;0.5;0.3844;0.62;0.3844;0.08;0.36;0.59;0.3481;0.08
30/09/2004;0.33;0.69;0.48;1.52;1.25;6.19;26715;125;0.44;-0.1;83.5;1.2;0.4;0.2;8;41;-0.5;0.8;0.63;1688.59;260;3.203254606;-0.0662;-0.0124;442.05;0.6411;735;0;0.25;0.35;7.237;-35.83;5.75;27.483;25.839;33.516;27.38;2.37;-0.00168;0.007;2.272;7.583;0.016;-51.7;25200;-0.18;5.68;-0.42;-0.53;-0.04;-0.55;-0.09;-0.01;70.96;2.58;8.35;14.24;10.13;0.5;0.46;0.56;0.51;0.6;0.5;0.4;0.4;0.38;0.46;0.7;0.5;0.44;0.5;0.46;0.56;0.51;0.64;0.6;0.34;0.39;0.3;0.45;0.65;0.5;0.44;0.25;0.5;0.25;0.07;0.2116;0.47;0.2209;0.07
31/10/2004;0.44;0.39;0.53;1.681;0.23;6.24;27306;-112;0.16;0.2;83.8;0.6;3.1;-0.5;-30;-61;0.2;0.5;0.23;1712.91;260;2.055517213;-0.0038;0.0971;-193.06;0.6339;620;0;0.5;0.49;6.958;4.41;0.95;29.33;26.832;34.393;27.812;-0.72;0.000425;0.066;2.623;7.44;0.155;-0.8;28221;-0.03;5.28;-0.41;-0.59;-0.01;-0.1;-0.02;0;71.67;4.07;7.01;14.33;14.56;0.45;0.6;0.55;0.6;0.5;0.4;0.4;0.38;0.5;0.7;0.5;0.4;0.4;0.43;0.65;0.53;0.64;0.49;0.34;0.37;0.3;0.45;0.8;0.52;0.45;0.39;0.2025;0.45;0.2025;0.05;0.36;0.6;0.36;0.1
30/11/2004;0.69;0.82;0.82;2.618;0.83;6.24;27624;68;0.05;-0.2;83.8;-1;-0.6;-0.4;-82;-15;-0.5;0.6;-0.5;1691.5;260;0.120881324;-0.137;-0.0446;2076.15;0.6264;828;0;0.5;0.54;6.808;55.67;-1.97;30.082;27.915;35.786;29.86;-5.87;-0.002076;-0.079;2.2;7.759;0.038;-715.1;30315;-0.08;4.23;-0.24;0.05;-0.04;-0.54;-0.05;0;75.1;-0.03;5.75;9.89;9.15;0.65;0.6;0.63;0.5;0.4;0.4;0.38;0.5;0.7;0.5;0.4;0.4;0.4;0.66;0.65;0.6;0.49;0.35;0.4;0.3;0.45;0.69;0.5;0.4;0.41;0.45;0.4225;0.65;0.4225;0.07;0.36;0.6;0.36;0.1
31/12/2004;0.86;0.74;0.52;1.667;0.77;6.01;27397;-127;-0.12;-0.3;83;0.2;-1.7;0.2;-3;50;-0.4;0.5;0.22;1714.62;260;4.583685067;-0.064;-0.0121;1067.92;0.6737;1520;0;0.5;0.56;6.939;-41.45;4.78;27.202;25.605;33.423;26.775;11.09;-0.001582;0.014;2.722;7.681;0.035;-1257;33842;-0.09;6.86;-0.01;-0.61;-0.01;-0.12;0.02;0;88.73;3.58;7.77;17.58;17.45;0.75;0.6;0.57;0.4;0.4;0.35;0.46;0.67;0.48;0.4;0.4;0.4;0.44;0.78;0.6;0.61;0.4;0.4;0.3;0.45;0.63;0.5;0.4;0.4;0.49;0.44;0.5625;0.74;0.5476;0.08;0.36;0.61;0.3721;0.07
31/01/2005;0.58;0.39;0.33;1.08;0.42;5.73;27591;-75;-0.28;0.4;81.3;0.6;2.2;-1.1;-75;-175;0.1;0;0.29;1774.48;260;2.303330971;-0.0472;-0.1983;-1845.63;0.7631;4496;0;0.5;0.49;7.184;29.29;1.85;41.138;34.029;47.481;34.601;-11.76;-7.40E-05;0.13;4.855;13.319;0.029;1428.2;2194;0.28;14.61;-0.48;0.21;-0.02;-0.42;-0.03;-0.01;83.47;14.54;22.72;22.17;20.82;0.6;0.65;0.4;0.4;0.35;0.45;0.65;0.48;0.4;0.4;0.4;0.42;0.45;0.6;0.7;0.44;0.4;0.3;0.45;0.71;0.54;0.4;0.38;0.49;0.5;0.6;0.36;0.62;0.3844;0.06;0.4225;0.64;0.4096;0.11
28/02/2005;0.59;0.3;0.4;1.31;0.31;5.54;27182;-1018;-0.19;-0.1;81;0.6;0;0.6;46;59;-1;0.1;-0.43;2056.01;260;1.771113894;-0.0213;0.035;3788.51;0.6305;500;0;0.5;0.43;7.669;58.08;7.19;34.025;33.308;41.421;33.673;-4.67;-0.000573;-0.101;2.474;8.047;0.015;-405.9;4987;-0.39;-0.6;-0.31;-0.24;-0.02;-0.16;-0.06;0;79.12;-9.12;-4.45;3.96;5.51;0.6;0.55;0.41;0.35;0.45;0.65;0.46;0.38;0.4;0.4;0.45;0.5;0.41;0.57;0.57;0.44;0.32;0.45;0.65;0.4;0.3;0.35;0.4;0.45;0.6;0.4;0.36;0.59;0.3481;0.06;0.3025;0.54;0.2916;0.11
31/03/2005;0.61;0.85;0.99;3.206;0.67;5.59;27098;549;-0.2;-0.2;81.1;-1.5;0.2;0.5;34;72;0.6;0.1;-2.12;1727.21;260;0.820411628;0.0915;0.0367;-1528.48;0.6683;114;0;0.5;0.53;6.338;-26.21;-14.51;28.567;27.74;35.266;28.177;-13.34;0.000789;-0.029;2.354;7.371;0.016;-665.9;8349;0.02;6.78;-0.28;-0.12;-0.01;-0.27;-0.08;0;78.28;-1.06;3.57;13.17;17.22;0.6;0.52;0.4;0.4;0.63;0.45;0.38;0.39;0.4;0.45;0.48;0.45;0.4;0.55;0.6;0.45;0.4;0.63;0.45;0.35;0.35;0.43;0.43;0.59;0.4;0.4;0.36;0.6;0.36;0.07;0.2704;0.52;0.2704;0.1
30/04/2005;0.87;0.86;0.51;1.667;1.17;5.85;27807;278;0.05;0.2;82.6;1;0.2;0.2;37;24;0.4;0.4;-1.51;1726.36;260;-3.431953303;-0.151;-0.2192;-1766.95;0.7855;-693;0;0.25;0.25;6.427;6.99;-1.79;32.068;29.875;38.278;30.606;22.84;-0.003057;0.118;3.331;8.236;0.013;1598.7;12238;-0.1;4.64;-0.01;0.08;-0.03;-0.47;-0.05;-0.01;77.79;-0.98;9.94;18.49;20.46;0.8;0.55;0.4;0.6;0.43;0.35;0.35;0.4;0.45;0.47;0.45;0.4;0.4;0.83;0.6;0.36;0.6;0.43;0.35;0.36;0.41;0.45;0.51;0.4;0.5;0.45;0.64;0.78;0.6084;0.09;0.3025;0.55;0.3025;0.08
31/05/2005;0.49;-0.22;-0.25;-0.811;0;5.38;28490;237;-0.01;-0.1;81.9;-0.1;-2.5;-0.1;-10;-1;0.2;0.4;3.04;1703.21;260;5.796962781;-0.1204;-0.2915;363.37;0.7378;375;0;0.25;0.31;7.136;22.42;8.41;36.242;34.091;42.8;34.615;-9.74;-0.002936;-0.079;2.574;8.598;0.012;-1014.1;15701;-0.55;-3.79;0.27;-1.06;0.01;0.35;0.06;0;79.73;-3.11;0.55;7.07;9.57;0.56;0.35;0.58;0.4;0.37;0.37;0.4;0.45;0.47;0.45;0.4;0.4;0.37;0.58;0.35;0.65;0.43;0.33;0.35;0.4;0.47;0.62;0.49;0.52;0.47;0.35;0.3136;0.57;0.3249;0.06;0.1225;0.34;0.1156;0.09
30/06/2005;-0.02;-0.44;-0.45;-1.468;-0.41;4.85;27852;37;0.23;-0.7;82.2;1.8;-0.6;-0.6;-50;-70;0;-0.1;-1.02;1678.89;300;21.75731492;-0.0751;-0.1387;-155.86;0.761;-425;0;0;-0.03;7.045;-38.18;-0.83;28.94;28.639;36.937;29.37;3.79;-0.000679;0.04;2.76;8.188;0.014;-122.3;19753;0.08;8.13;-0.65;-0.42;-0.05;-0.94;-0.12;0;78.49;2.09;1.19;5.04;8.56;0.08;0.46;0.43;0.4;0.39;0.4;0.45;0.45;0.44;0.4;0.4;0.35;0.38;0.03;0.47;0.45;0.4;0.37;0.42;0.48;0.55;0.55;0.4;0.5;0.35;0.35;0.0064;0.13;0.0169;0.12;0.2116;0.51;0.2601;0.11
31/07/2005;0.25;-0.34;-0.4;-1.312;-0.37;4.9;27873;-22;-0.08;0.2;82.4;1.8;8.2;-0.8;-84;-108;-0.6;0.2;1.62;1685.48;300;4.011947162;0.0462;0.0598;991.15;0.7939;903;0;0;-0.06;7.26;10.95;4.64;33.794;31.692;40.442;33.42;-0.83;0.001167;0.051;2.987;8.589;0.009;690.9;24776;0.09;7.57;-0.39;0.2;-0.04;-0.96;-0.17;-0.01;80.28;1.16;8.19;10.43;13.57;0.29;0.37;0.4;0.4;0.4;0.45;0.49;0.45;0.4;0.4;0.35;0.35;0.5;0.26;0.35;0.4;0.4;0.42;0.45;0.5;0.55;0.38;0.38;0.33;0.35;0.53;0.0841;0.29;0.0841;0.06;0.1369;0.37;0.1369;0.07
31/08/2005;0.17;-0.65;-0.79;-2.558;-0.52;4.72;27710;291;-0.34;-0.3;81.9;-2.2;-4.6;0.1;11;2;-0.8;-0.2;-0.5;1731.78;300;-2.498054478;-0.0217;0.0267;2002.47;0.8035;1834;0;0;0.03;7.892;42.91;7.41;33.73;31.604;40.193;33.96;0.02;-0.000651;-0.058;2.61;8.475;0.017;1255.8;28446;0.06;5.77;-0.18;0.28;-0.01;-0.24;-0.04;0;79.82;-0.18;5.6;20.54;20.64;0.17;0.34;0.4;0.43;0.45;0.47;0.45;0.38;0.4;0.35;0.35;0.49;0.39;0.13;0.29;0.42;0.45;0.45;0.48;0.43;0.36;0.4;0.33;0.35;0.49;0.4;0.0289;0.17;0.0289;0.11;0.1156;0.34;0.1156;0.07
30/09/2005;0.35;-0.53;-0.13;-0.422;-0.69;4.7;27795;-35;-0.25;0;82.7;-0.4;-2;-0.1;37;-34;0;-0.1;0.52;1745.44;300;1.161132373;-0.1295;-0.2312;3538.96;0.7563;-68;0;-0.25;-0.2;7.251;-24.38;-7.54;32.497;30.213;39.249;31.298;18.44;-0.003189;0.097;2.966;8.952;0.026;-1768.4;32785;-0.01;6.41;-0.12;0.1;0.01;0.17;0;0;80.11;0.25;8.55;16.43;18.43;0.35;0.41;0.39;0.4;0.45;0.42;0.38;0.4;0.3;0.35;0.45;0.35;0.3;0.36;0.54;0.35;0.38;0.44;0.45;0.3;0.4;0.3;0.35;0.5;0.33;0.3;0.1225;0.34;0.1156;0.06;0.1681;0.43;0.1849;0.08
31/10/2005;0.75;0.6;0.63;2.045;0.48;4.78;28308;-60;-0.33;-0.8;81.8;-0.4;-0.6;0.3;11;61;0;-0.3;0.7;1736.19;300;7.399693441;0.0243;0.0212;-1390.28;0.751;491;0;-0.5;-0.59;7.779;-0.18;6.79;31.321;27.864;36.723;30.268;-13.63;0.000884;-0.119;2.521;8.748;0.166;1587.8;36480;0.15;9.3;-0.07;-0.28;-0.01;-0.28;-0.05;0;79.89;0.42;5.83;17.55;18.01;0.56;0.37;0.4;0.42;0.42;0.38;0.39;0.3;0.32;0.45;0.35;0.3;0.35;0.63;0.35;0.34;0.4;0.45;0.3;0.35;0.3;0.35;0.53;0.35;0.35;0.32;0.3136;0.55;0.3025;0.08;0.1369;0.37;0.1369;0.06
30/11/2005;0.55;0.4;0.33;1.081;0.35;4.66;28184;-152;0.49;0.4;82.6;-1.5;-0.9;-0.1;-4;-3;0.2;0;-1.32;1729.12;300;-1.453382748;-0.0483;-0.1018;1723.25;0.6632;584;0;-0.5;-0.49;7.439;48.43;-4.02;35.109;32.627;41.44;34.344;-2.12;-0.001791;0.009;2.672;8.699;0.031;-1514.1;40573;-0.08;5.03;-0.37;0.01;-0.05;-0.9;-0.14;-0.01;85.52;2.24;6.71;11.7;15.94;0.5;0.36;0.4;0.41;0.35;0.38;0.3;0.35;0.45;0.35;0.3;0.35;0.38;0.51;0.3;0.42;0.45;0.35;0.35;0.3;0.35;0.5;0.35;0.3;0.31;0.35;0.25;0.49;0.2401;0.08;0.1296;0.36;0.1296;0.06
31/12/2005;0.36;-0.01;0.07;0.222;0.06;4.48;28371;-155;1.19;0.5;82.7;1.9;4.2;0;-8;7;0;-0.3;0.93;1743.59;300;2.92028687;0.132;0.1718;1539.18;0.7404;1430;0;-0.5;-0.44;7.613;-34.5;-0.03;31.594;30.66;39.811;31.686;5.83;0.002791;0.081;3.619;9.044;0.03;845.6;44923;0.18;10.28;-0.18;0;-0.01;-0.03;0.03;0;101.25;6.85;10.31;23.13;23.2;0.35;0.4;0.43;0.35;0.38;0.3;0.33;0.44;0.35;0.33;0.35;0.38;0.4;0.36;0.4;0.46;0.33;0.4;0.3;0.4;0.43;0.35;0.33;0.33;0.4;0.35;0.1225;0.35;0.1225;0.05;0.16;0.42;0.1764;0.06
31/01/2006;0.59;0.92;0.72;2.355;0.84;4.6;28526;154;0.92;-0.1;80.3;1.6;3.8;-1.2;-90;-195;0;0.7;0.33;1950.88;300;-7.694887228;-0.1235;-0.0813;4926.86;0.7552;5422;-0.75;-0.75;-0.89;8.052;6.02;12.32;46.551;40.231;55.818;41.021;0.01;-0.002463;-0.011;4.955;15.487;0.024;-1160.7;2835;0.46;17.29;-0.22;0.71;-0.03;-0.39;-0.06;0;92.84;18.27;32.97;30.37;31.77;0.55;0.46;0.33;0.35;0.3;0.3;0.4;0.35;0.3;0.35;0.38;0.4;0.4;0.55;0.53;0.35;0.4;0.28;0.29;0.45;0.29;0.32;0.35;0.4;0.39;0.44;0.3025;0.54;0.2916;0.05;0.2116;0.48;0.2304;0.07
28/02/2006;0.41;0.01;-0.06;-0.186;0.17;4.44;28292;-358;0.16;-0.4;79.5;0.9;-5.6;0.9;87;105;-1.3;0.2;-0.27;2098.35;300;7.171718228;-0.0885;-0.1584;227.59;0.6389;-743;0;0;0.19;8.06;50.58;-0.01;37.153;37.31;45.587;37.661;4.54;-0.001438;-0.058;2.18;8.204;0.01;-843.7;5638;0.15;11.48;0.43;0.33;0.04;0.96;0.12;0;94.63;-14.83;-15.21;12.96;14.78;0.43;0.32;0.35;0.3;0.31;0.4;0.35;0.3;0.35;0.4;0.4;0.4;0.38;0.45;0.38;0.33;0.31;0.32;0.37;0.3;0.31;0.35;0.38;0.38;0.47;0.39;0.1849;0.44;0.1936;0.07;0.1024;0.32;0.1024;0.07
31/03/2006;0.43;-0.23;-0.45;-1.469;-0.03;4.34;28598;46;-0.26;0.4;80.3;0.5;4.9;0.8;67;118;0.9;0.3;-1.67;1789.13;300;5.65232516;0.0405;0.0914;-658.42;0.5865;1209;0;-0.75;-0.78;6.732;-30.36;-14.91;31.344;29.169;38.618;29.531;-19.1;0.001146;0.032;2.795;9.319;0.008;940.9;9328;0.1;8.82;-0.62;-0.27;-0.03;-0.65;-0.14;-0.01;88.74;1.19;7.61;22.72;22.55;0.47;0.35;0.25;0.27;0.4;0.32;0.3;0.33;0.36;0.4;0.4;0.37;0.35;0.51;0.33;0.21;0.24;0.4;0.31;0.3;0.34;0.4;0.42;0.4;0.4;0.3;0.2209;0.46;0.2116;0.06;0.1225;0.35;0.1225;0.09
30/04/2006;0.21;-0.42;0.02;0.082;-0.65;4.05;29639;749;-0.32;-0.3;81.3;-1.3;4.9;0.3;51;29;0.9;0.1;-1.51;1757.85;300;-2.644032299;-0.077;0.0381;2411.45;0.6323;-2744;-0.85;-0.75;-0.81;6.854;6.86;6.54;35.126;32.144;41.489;32.538;19.5;-0.001447;-0.039;3.239;9.194;0.009;684.2;12418;-0.01;5.21;-0.52;0.16;-0.03;-0.47;-0.09;0;88.91;-2.39;3.93;15.65;21.07;0.25;0.24;0.25;0.35;0.33;0.3;0.35;0.38;0.4;0.4;0.38;0.35;0.33;0.3;0.3;0.27;0.34;0.29;0.27;0.35;0.36;0.35;0.4;0.4;0.3;0.3;0.0625;0.25;0.0625;0.06;0.0576;0.23;0.0529;0.07
31/05/2006;0.1;0.38;0.38;1.227;0.36;4.17;28510;-494;-0.35;-0.5;80.1;1;3.9;0;-11;-4;0.3;0.7;2.63;1766.91;350;29.07267682;0.22;0.3056;-3833.38;0.6339;-562;0;0;-0.05;7.123;23.48;3.16;41.88;39.537;48.938;39.943;-13.3;0.004166;0.093;2.997;9.281;0.008;-1178.3;15435;-0.37;-5.37;-0.07;-0.6;0.01;0.24;0.04;0;86.16;-1.24;0.87;7.7;8.54;0.18;0.23;0.35;0.35;0.3;0.35;0.39;0.4;0.4;0.38;0.35;0.32;0.3;0.17;0.18;0.35;0.3;0.31;0.33;0.38;0.4;0.43;0.38;0.35;0.35;0.3;0.0324;0.18;0.0324;0.06;0.0529;0.22;0.0484;0.09
30/06/2006;-0.21;0.75;0.67;2.176;0.57;4;28101;49;-0.45;1.3;82.8;0.4;3;-0.2;-18;-19;0;0.1;-0.99;1793.26;350;-15.99265916;-0.142;-0.1964;100.62;0.6942;-638;0;-0.5;-0.47;7.37;-30.67;1.68;33.515;32.496;42.188;33.051;21.02;-0.002378;-0.054;2.873;9.573;0.009;250.4;19533;-0.25;1.94;-0.92;0.67;-0.03;-0.53;-0.07;0;94.63;3.35;14.32;20.35;21.75;-0.1;0.3;0.35;0.35;0.39;0.41;0.4;0.42;0.4;0.35;0.35;0.3;0.3;-0.1;0.32;0.35;0.35;0.39;0.4;0.41;0.4;0.38;0.33;0.3;0.3;0.25;0.01;-0.07;0.0049;0.12;0.09;0.31;0.0961;0.08
31/07/2006;0.19;0.18;0.17;0.563;0.39;4.27;28424;308;0.03;-0.3;82.3;-0.8;-4.9;0.2;38;39;-0.2;0.3;1.62;1789.82;350;9.950637231;0.012;0.0109;446.46;0.7229;1515;-0.65;-0.5;-0.55;7.441;8.53;0.77;36.482;34.624;44.407;36.123;-5.8;-0.000502;0.052;2.895;9.656;0.009;248.8;25192;0.08;8.43;0.56;-0.46;0.05;1.25;0.2;0;94.59;1.2;6.46;6.66;8.19;0.15;0.31;0.34;0.39;0.45;0.43;0.44;0.4;0.35;0.35;0.3;0.3;0.38;0.14;0.32;0.3;0.38;0.42;0.55;0.45;0.34;0.35;0.32;0.25;0.23;0.43;0.0225;0.16;0.0256;0.04;0.0961;0.31;0.0961;0.05
31/08/2006;0.05;0.37;0.41;1.354;0.27;4.4;28286;81;0.25;-0.3;81.9;0.8;2.5;0.4;35;53;0.2;0.1;-0.5;1796.83;350;-0.891113372;-0.032;-0.0316;-844.9;0.669;2602;0;-0.5;-0.52;7.165;31.96;1.27;37.423;34.993;44.853;35.76;1.28;-0.000963;0;2.876;9.734;0.007;2436.2;29746;0;8.38;-0.58;-0.04;-0.03;-0.48;-0.13;0;99.86;1.5;4.37;19.07;25.47;0.23;0.3;0.36;0.45;0.43;0.42;0.4;0.35;0.35;0.3;0.3;0.39;0.32;0.18;0.3;0.35;0.53;0.46;0.46;0.38;0.44;0.37;0.25;0.17;0.47;0.38;0.0529;0.24;0.0576;0.06;0.09;0.31;0.0961;0.06
30/09/2006;0.21;0.29;0.24;0.796;0.36;3.95;27785;-179;0.07;0.3;83;-0.3;-0.4;-0.2;-21;11;0.3;0.3;0.52;1804.85;350;2.39845899;0.024;0.0002;217.18;0.6993;842;0;0;0.07;7.907;-31.52;-1.05;37.652;35.296;45.43;35.78;42.99;0.000873;-0.026;3.134;10.02;0.012;-884.4;34214;-0.14;5.21;-0.09;-0.15;0;0.13;-0.02;-0.01;100.37;2.78;2.22;12.12;15.57;0.16;0.3;0.35;0.35;0.4;0.4;0.35;0.31;0.29;0.3;0.35;0.3;0.3;0.2;0.25;0.35;0.31;0.41;0.49;0.45;0.37;0.25;0.22;0.42;0.34;0.24;0.0256;0.17;0.0289;0.06;0.09;0.29;0.0841;0.06
31/10/2006;0.33;0.47;0.81;2.678;0.21;4.02;29154;283;0.39;0.1;83;-0.9;-4.3;-0.6;-80;-47;-0.1;0.3;0.69;1785.91;350;-1.805478984;-0.0272;-0.0134;2813.39;0.6811;3160;-0.65;-0.5;-0.53;8.295;23.25;7.72;38.013;34.232;44.762;35.833;-26.64;-0.000638;0.071;3.183;10.42;0.184;65.3;38165;0.07;8.67;-0.18;0.18;0;0;-0.01;0;99.86;6.72;4.85;18.13;21.02;0.3;0.34;0.34;0.4;0.4;0.35;0.32;0.25;0.28;0.35;0.3;0.3;0.34;0.28;0.36;0.35;0.42;0.42;0.45;0.37;0.25;0.2;0.41;0.36;0.24;0.35;0.09;0.3;0.09;0.04;0.1156;0.33;0.1089;0.05
30/11/2006;0.31;0.75;0.57;1.911;1.02;4.18;29428;148;0.7;-0.2;83.3;-0.1;3.1;-0.2;-3;-44;-0.6;0;-1.31;1823.32;350;2.049266696;0.0231;0.1449;2669.05;0.6051;2319;0;-0.5;-0.52;7.783;27.92;-4.84;40.377;36.395;46.831;37.959;2.91;0.000657;-0.04;2.985;10.315;0.038;-713;41404;-0.28;2.66;0.05;-0.3;0;0.15;0.02;0;105.33;1.95;10.53;18.3;22.42;0.36;0.45;0.4;0.45;0.34;0.32;0.25;0.25;0.35;0.3;0.3;0.34;0.35;0.37;0.48;0.41;0.49;0.38;0.36;0.24;0.2;0.47;0.27;0.23;0.36;0.39;0.1296;0.36;0.1296;0.04;0.2025;0.44;0.1936;0.09
31/12/2006;0.48;0.32;0.26;0.898;0.47;4.09;29692;-55;0.78;0.2;83.1;1.9;-0.4;-0.2;-2;-57;-0.2;0.4;1.17;1834.55;350;-1.743665881;-0.0285;-0.0612;2541.87;0.6668;3726;0;0;0.04;8.071;-33.88;3.49;33.397;32.144;42.755;33.406;13.05;-0.000838;-0.01;3.641;10.414;0.032;-143.2;46456;0;8.9;-0.15;0.13;-0.02;-0.23;-0.02;0;121.1;6.87;15.31;27.96;33.64;0.45;0.4;0.44;0.32;0.3;0.25;0.25;0.31;0.3;0.3;0.34;0.35;0.35;0.45;0.41;0.49;0.36;0.35;0.21;0.2;0.35;0.29;0.28;0.35;0.37;0.35;0.2025;0.44;0.1936;0.04;0.16;0.39;0.1521;0.06
31/01/2007;0.44;0.5;0.43;1.453;0.39;4.07;29838;-136;0.26;0.3;80.7;1.3;6.4;-1.2;-112;-176;-0.3;0.4;0.11;1993.31;350;2.156713688;-0.0135;-0.0507;167.89;0.6914;8516;-0.35;-0.25;-0.26;8.329;-5.38;2.54;48.364;40.075;57.649;41.495;-10.67;-0.000154;0.087;6.285;17.391;0.028;-954.8;2523;0.55;21.68;0.1;0.12;0;0.21;0.03;0;109.69;22.47;23.78;29.58;31.21;0.48;0.48;0.3;0.3;0.25;0.23;0.3;0.3;0.3;0.34;0.36;0.37;0.4;0.47;0.53;0.3;0.3;0.2;0.1;0.3;0.25;0.3;0.37;0.39;0.4;0.35;0.2304;0.48;0.2304;0.04;0.2304;0.47;0.2209;0.08
28/02/2007;0.44;0.27;0.23;0.795;0.28;3.82;29741;-396;0.1;-0.1;80.3;-0.6;-1.5;0.9;78;121;-1.1;0.3;-0.88;2258.7;350;1.041812842;-0.0024;0.0329;-749.29;0.6331;1329;0;0;-0.01;8.527;86.49;7.81;43.954;42.553;52.087;43.112;6.85;-0.000369;-0.074;2.47;9.477;0.011;-807.9;5424;-0.44;-1.31;-0.11;0.19;0;-0.05;-0.03;0;105.14;-18.72;-15.75;13.83;23.41;0.42;0.28;0.3;0.24;0.2;0.3;0.3;0.29;0.32;0.35;0.35;0.4;0.4;0.43;0.26;0.29;0.22;0.25;0.28;0.25;0.3;0.31;0.35;0.38;0.35;0.35;0.1764;0.42;0.1764;0.05;0.0784;0.29;0.0841;0.06
31/03/2007;0.37;0.34;0.22;0.75;0.38;3.72;29902;497;0.47;0.1;80.7;1.5;0.9;0.6;46;87;0.9;0.3;-1.69;1869.97;350;0.186599928;-0.0611;-0.0515;1912.35;0.629;2418;0;-0.25;-0.24;7.305;-29.04;-17.06;34.31;32.632;43.203;32.739;-13;-0.001128;-0.018;3.274;10.437;0.009;747.2;8728;-0.13;5.65;-0.11;0.02;-0.02;-0.19;-0.04;0;107.24;-1.95;1.22;14.97;22.22;0.36;0.3;0.24;0.16;0.28;0.3;0.28;0.3;0.34;0.35;0.4;0.4;0.3;0.37;0.32;0.2;0.25;0.25;0.25;0.3;0.3;0.35;0.35;0.35;0.4;0.32;0.1296;0.35;0.1225;0.05;0.09;0.29;0.0841;0.06
30/04/2007;0.25;0.04;0.14;0.471;0.18;3.49;30708;422;0.73;0.5;82.5;0.4;0.9;0.3;37;50;0.6;0.5;-1.43;1856.38;350;4.897001865;-0.0249;0.0276;3151.73;0.6929;2587;0;-0.25;-0.33;7.398;18.37;3.67;40.064;37.043;47.713;37.416;25.14;-0.000386;0.04;3.744;10.534;0.012;-145.1;12909;-0.1;7.35;-0.06;-0.23;0;0.03;0.02;0;114.41;1.9;3.76;7.32;22.9;0.25;0.2;0.15;0.25;0.25;0.25;0.3;0.34;0.35;0.36;0.4;0.3;0.3;0.26;0.2;0.1;0.23;0.25;0.3;0.3;0.32;0.35;0.35;0.4;0.3;0.3;0.0625;0.27;0.0729;0.05;0.04;0.19;0.0361;0.06
31/05/2007;0.28;0.04;0.16;0.544;0.09;3.37;31575;376;0.74;-0.4;81.6;1.3;2.9;0;-22;12;0.2;0.9;2.42;1855.31;380;16.82566483;-0.1099;-0.1863;3312.07;0.6446;3234;0;0;0.06;8.201;10.54;3.97;46.417;44.278;54.987;45.169;-10.76;-0.001677;0.023;3.71;10.622;0.009;1566.1;16762;-0.69;-6.4;-0.25;-0.53;-0.02;-0.46;-0.07;-0.01;108.25;0.89;6.4;27.21;37.42;0.21;0.1;0.2;0.23;0.25;0.3;0.33;0.35;0.38;0.4;0.32;0.3;0.25;0.21;0.1;0.16;0.2;0.26;0.27;0.32;0.35;0.4;0.4;0.32;0.28;0.27;0.0441;0.21;0.0441;0.04;0.01;0.12;0.0144;0.08
30/06/2007;0.28;0.26;0.26;0.903;0.15;3.49;30650;-172;0.67;0.4;83.4;0.1;3.6;0;17;-15;0;0.5;-0.47;1873.16;380;10.6655465;0.0044;0.0214;2123.6;0.6735;2516;0;-0.5;-0.5;8.083;-34.49;-0.75;38.818;37.302;48.242;37.644;12.11;-0.000422;-0.034;3.274;10.837;0.009;-1958.9;20584;-0.04;9.16;-0.16;-0.32;-0.01;-0.11;0;0;115.6;1.42;6.77;18;33.12;0.23;0.2;0.2;0.24;0.3;0.32;0.31;0.4;0.4;0.31;0.3;0.25;0.22;0.22;0.15;0.23;0.2;0.3;0.35;0.3;0.4;0.4;0.33;0.28;0.25;0.2;0.0529;0.23;0.0529;0.05;0.04;0.19;0.0361;0.06
31/07/2007;0.24;0.28;0.37;1.283;0.22;3.6;30162;102;0.17;-0.3;82.8;1.7;1.2;-0.5;-57;-31;0;0.1;1.36;1858.12;380;-0.450363892;-0.0465;-0.0372;-209.56;0.6483;3606;-0.25;-0.5;-0.52;8.519;8.5;5.58;39.755;38.405;49.433;39.636;-9.7;-0.000792;0.063;3.188;10.929;0.01;702.6;23928;-0.31;2.59;-0.33;-0.2;-0.02;-0.38;-0.1;0;115.81;6.28;13.32;19.72;30.16;0.24;0.24;0.23;0.3;0.3;0.33;0.4;0.4;0.33;0.3;0.25;0.22;0.29;0.25;0.24;0.24;0.31;0.34;0.33;0.43;0.41;0.3;0.33;0.3;0.25;0.35;0.0576;0.24;0.0576;0.04;0.0576;0.23;0.0529;0.04
31/08/2007;0.47;0.98;1.39;4.788;0.64;3.87;29785;-112;0.26;0.1;83.1;-0.7;2.6;-0.2;-51;2;-0.4;0.4;-1.09;1838.08;380;4.865968991;0.0794;0.0988;454.74;0.5989;4673;0;0;0.05;8.36;48.57;-0.99;43.142;39.608;50.875;40.914;9.16;0.001923;-0.003;3.296;11.195;0.008;-1288.2;27469;-0.05;8.07;-0.03;-0.15;0;-0.09;0;0;114.49;2.72;5.4;20.38;24.46;0.38;0.27;0.28;0.3;0.32;0.4;0.4;0.32;0.3;0.25;0.23;0.3;0.28;0.36;0.25;0.3;0.3;0.3;0.36;0.43;0.3;0.3;0.3;0.25;0.3;0.3;0.1444;0.39;0.1521;0.09;0.0729;0.27;0.0729;0.05
30/09/2007;0.18;1.29;1.17;4.071;1.47;3.8;30435;246;0.84;0.6;84.4;0.6;1.9;0.1;17;24;-0.2;0.4;0.86;1838.12;380;-8.169439238;-0.1283;-0.0589;5827.82;0.6126;4463;0;-0.25;-0.3;8.742;-27.14;3.48;40.186;36.892;48.673;38.809;18.72;-0.002643;0.008;3.33;11.684;0.012;2068.9;30944;-0.18;4.03;-0.27;0.16;-0.02;-0.2;-0.05;0;120.34;3.14;15.47;10.27;9.81;0.26;0.28;0.3;0.31;0.4;0.4;0.34;0.3;0.27;0.25;0.3;0.3;0.3;0.25;0.32;0.32;0.33;0.45;0.45;0.35;0.3;0.25;0.23;0.38;0.31;0.28;0.0676;0.27;0.0729;0.06;0.0784;0.28;0.0784;0.05
31/10/2007;0.3;1.05;0.75;2.633;1.07;3.78;30932;-9;0.88;-0.6;83.8;0.2;0.2;-0.6;-63;-57;0;0.3;0.33;1837.54;380;13.55279239;-0.0976;-0.1008;4852.64;0.5606;5371;0;0;-0.03;9.194;-6.42;1.99;41.398;37.835;49.295;39.374;-11.79;-0.001607;0.016;3.698;11.393;0.204;-774.9;34373;0.2;13.02;0.09;-0.31;0.01;0.33;0.18;0;122.97;4.78;13.62;35.65;46.71;0.22;0.28;0.32;0.4;0.4;0.34;0.3;0.26;0.23;0.3;0.3;0.3;0.33;0.19;0.24;0.3;0.41;0.4;0.34;0.3;0.25;0.25;0.44;0.31;0.25;0.33;0.0484;0.23;0.0529;0.05;0.0784;0.28;0.0784;0.05
30/11/2007;0.38;0.69;1.05;3.732;0.71;3.95;31312;40;0.22;0.7;85;0.6;6.9;-0.3;-36;-36;-0.5;0.5;-1.27;1845.63;380;11.65142632;0.0564;0.1142;-2311.54;0.5592;2963;0;0;0.03;8.957;61.51;0.19;46.569;42.887;54.692;44.585;19.45;0.000793;-0.013;3.326;11.712;0.043;-696;36393;-0.22;3.78;-0.3;0.63;-0.03;-0.75;-0.09;0;130.85;3.29;10.64;24.56;27.66;0.28;0.35;0.42;0.44;0.34;0.29;0.25;0.2;0.3;0.3;0.29;0.33;0.35;0.3;0.38;0.45;0.45;0.35;0.32;0.27;0.22;0.35;0.31;0.27;0.33;0.36;0.0784;0.28;0.0784;0.03;0.1225;0.35;0.1225;0.07
31/12/2007;0.74;1.76;1.47;5.304;1.59;4.48;32821;1063;-0.44;0.3;84.8;0.3;-4.5;-0.4;-27;-72;-0.3;0.5;1.59;1875.42;380;-6.887760611;-0.0124;-0.0328;879.94;0.5697;3862;0;0;0;9.574;-21.9;9.51;43.001;40.628;52.552;42.689;-3.3;-0.000426;0.014;4.114;11.763;0.033;-1201.7;40032;-0.09;5.37;-0.32;-0.03;-0.03;-0.5;-0.09;-0.01;146.62;9.69;12.84;15.97;20.43;0.68;0.49;0.47;0.35;0.3;0.25;0.21;0.32;0.31;0.3;0.33;0.35;0.42;0.68;0.48;0.47;0.35;0.31;0.26;0.25;0.37;0.3;0.28;0.33;0.34;0.35;0.4624;0.66;0.4356;0.12;0.2401;0.49;0.2401;0.08
31/01/2008;0.54;1.09;0.99;3.606;1.02;4.43;32029;-586;-0.26;0.3;82.1;0.5;-5.5;-0.8;-69;-137;-0.5;0.3;-0.63;2022.54;380;1.476897462;-0.0208;0.0156;-4395.7;0.5578;10304;0;0;-0.02;9.603;-0.48;-0.79;55.656;47.081;67.122;48.837;-12.66;0.000277;0.137;4.925;19.828;0.029;851.5;922;0.58;23.15;0.02;0.29;0.01;0.42;0;0;130.59;43.64;46.09;32.04;27.94;0.6;0.53;0.35;0.3;0.27;0.25;0.32;0.32;0.3;0.35;0.36;0.4;0.45;0.65;0.58;0.35;0.3;0.26;0.22;0.35;0.3;0.3;0.35;0.37;0.4;0.49;0.36;0.61;0.3721;0.05;0.2809;0.53;0.2809;0.07
29/02/2008;0.49;0.53;0.38;1.397;0.8;4.3;31969;-656;0.23;0.6;82.4;2.3;8.3;0.5;37;88;-0.8;0.9;-0.56;2411.08;380;2.524129967;-0.0685;-0.0425;3998.9;0.5713;2397;0;0;-0.02;10.106;80.64;5.43;54.352;53.226;64.569;53.477;18.97;-0.00205;0.342;4.63;11.207;0.015;-3530.3;1770;-0.6;-7.14;-3.89;-0.72;-0.39;-0.01;0;-0.06;126.33;-41.15;-25.28;-0.28;10.96;0.48;0.35;0.31;0.29;0.25;0.33;0.31;0.3;0.35;0.36;0.44;0.46;0.44;0.5;0.32;0.31;0.29;0.25;0.4;0.32;0.3;0.38;0.34;0.4;0.47;0.43;0.2304;0.48;0.2304;0.04;0.1225;0.34;0.1156;0.05
31/03/2008;0.48;0.74;0.7;2.601;0.61;4.33;32051;404;0.05;0;82.7;-1.2;-0.5;0.7;68;95;0.57;0.2;-1.53;1909.27;380;8.751699538;0.0612;0.1962;-2521.23;0.5715;2620;0;0;0.07;9.133;-47.76;-7.39;38.766;38.066;50.116;38.286;-5.61;0.001554;0.485;3.984;11.928;0.007;2139.5;2757;-0.09;7.94;3.76;0.14;0.38;-0.06;-0.01;0.06;128.88;-6.22;2.41;16.43;28.52;0.35;0.35;0.3;0.25;0.35;0.32;0.3;0.35;0.38;0.43;0.46;0.45;0.35;0.36;0.34;0.27;0.23;0.4;0.31;0.32;0.4;0.38;0.43;0.5;0.48;0.34;0.1225;0.35;0.1225;0.05;0.1225;0.34;0.1156;0.06
30/04/2008;0.55;0.69;1.12;4.162;0.45;4.52;32159;447;0.37;-0.7;83.2;0.5;4.3;-0.1;-16;0;0.71;0.3;-0.35;1896.07;415;12.12669142;-0.089;-0.1646;6900.39;0.5501;2312;0;0.5;0.42;8.91;9.27;-1.23;45.79;43.408;55.682;43.743;-0.85;-0.000872;0.02;4.565;12.134;0.01;-2454.1;4489;-0.36;-1.57;-0.18;-0.71;-0.01;-0.27;-0.05;0;124.68;-0.21;20.04;15.95;26.94;0.51;0.35;0.28;0.35;0.32;0.3;0.34;0.38;0.44;0.47;0.45;0.35;0.33;0.55;0.4;0.26;0.4;0.33;0.33;0.37;0.35;0.4;0.51;0.51;0.38;0.4;0.2601;0.5;0.25;0.07;0.1225;0.36;0.1296;0.07
31/05/2008;0.79;1.61;1.88;7.072;1.52;5.01;32223;77;0.1;0.3;83.4;-0.5;-0.8;-0.1;7;-12;-0.08;0.6;1.6;1918.27;415;12.67834768;-0.0359;-0.0679;4724.04;0.5873;-551;0;0;-0.02;9.844;49.32;3.54;53.099;50.766;63.541;51.099;5.71;-0.001511;0.047;4.162;12.642;0.013;1299.2;8565;-0.57;-4.62;0.06;0.01;0.01;0.35;0.08;0;133.16;2.95;33.88;37.49;38.08;0.63;0.42;0.4;0.35;0.33;0.35;0.4;0.45;0.48;0.45;0.36;0.35;0.31;0.67;0.42;0.37;0.35;0.35;0.35;0.4;0.45;0.5;0.41;0.36;0.36;0.31;0.3969;0.62;0.3844;0.07;0.1764;0.43;0.1849;0.08
30/06/2008;0.74;1.98;1.89;7.263;1.96;5.51;32501;247;0.08;-0.6;84;-1;-4.7;-0.6;-58;-88;-0.1;0.3;-0.18;1917.22;415;5.506667564;-0.0233;-0.0081;-7574.92;0.6759;2357;0;0.5;0.54;9.455;-40.39;-0.74;42.936;42.038;54.83;42.367;5.66;-0.000432;-0.039;3.916;12.65;0.01;2258.3;11294;-0.06;7.92;-0.27;0.28;-0.02;-0.43;-0.06;0;132.79;-3.55;28.34;27.51;34.79;0.73;0.55;0.43;0.37;0.38;0.4;0.48;0.5;0.5;0.38;0.4;0.35;0.35;0.79;0.55;0.45;0.4;0.4;0.42;0.46;0.5;0.58;0.38;0.4;0.33;0.38;0.5329;0.72;0.5184;0.11;0.3025;0.56;0.3136;0.12
31/07/2008;0.53;1.76;1.12;4.391;2;5.55;31943;31;-0.03;0.3;84.1;6.1;11.1;0;-3;8;-0.6;0.5;0.88;1909.24;415;3.705896923;-0.0383;-0.0828;-5512.41;0.6078;2918;0;0.75;0.76;10.319;61.14;7.54;46.765;43.133;56.208;45.114;0.95;-0.00088;0.128;3.783;12.943;0.011;-1995.9;14622;-0.19;6.89;-0.14;0.84;-0.02;-0.36;0;0;129.92;2.97;23.78;12.9;18.94;0.6;0.45;0.39;0.4;0.43;0.5;0.51;0.5;0.4;0.4;0.36;0.35;0.4;0.58;0.45;0.4;0.4;0.4;0.52;0.5;0.53;0.41;0.4;0.33;0.34;0.4;0.36;0.6;0.36;0.05;0.2025;0.45;0.2025;0.07
31/08/2008;0.28;-0.32;-0.38;-1.497;0.38;5.16;32509;430;-1.19;0.1;84.7;-2;-0.9;0.2;14;46;-0.1;0.6;-0.56;1899.88;415;6.331380466;0.0661;-0.0478;-3824.76;0.7136;3739;0;0;-0.03;10.27;7.07;0.79;53.581;49.491;62.847;51.021;5.77;0.001345;-0.167;4.048;13.23;0.011;613.6;16922;-0.22;8.33;-0.11;-0.2;-0.01;-0.19;-0.02;0;132.07;-0.35;41.27;38.97;43.75;0.31;0.35;0.4;0.45;0.54;0.5;0.5;0.4;0.4;0.37;0.35;0.4;0.37;0.34;0.32;0.45;0.5;0.63;0.55;0.6;0.43;0.4;0.35;0.33;0.35;0.35;0.0961;0.33;0.1089;0.07;0.1225;0.33;0.1089;0.06
30/09/2008;0.26;0.11;0.36;1.436;-0.42;5.07;31309;-509;-1.88;-0.8;84.4;-1;1.3;-0.5;-39;-77;0.3;0.2;0.8;1944.32;415;-10.74081283;0.2731;0.2866;-6139.14;0.7136;3455;0;0.75;0.77;10.394;-30.85;-1.19;46.371;45.129;58.451;46.932;3.95;0.006318;0.28;3.794;13.193;0.013;1084;19679;-0.28;3.04;-0.08;-0.69;-0.01;-0.24;-0.04;-0.01;136.94;0.78;44.09;34.72;38.65;0.2;0.36;0.45;0.55;0.5;0.5;0.4;0.4;0.36;0.35;0.4;0.37;0.32;0.17;0.35;0.47;0.65;0.5;0.6;0.45;0.48;0.39;0.25;0.34;0.38;0.3;0.04;0.22;0.0484;0.07;0.1296;0.36;0.1296;0.07
31/10/2008;0.45;0.98;1.09;4.315;0.78;5.33;33362;630;-2.89;0.5;85.1;1;0.5;0.1;-8;34;-0.5;0.7;-0.13;1955.37;415;-36.47362585;0.2544;0.069;-12284.43;0.6671;3129;0;0;0;10.941;-6.64;9.3;50.478;46.374;60.008;47.819;14.57;0.003226;-0.109;4.272;13.43;0.239;-1677.4;21007;-0.48;-0.63;0.1;-1.88;0.02;0.58;0.07;0.01;132.77;8.14;38.77;21.99;25.03;0.38;0.5;0.6;0.54;0.55;0.41;0.4;0.37;0.35;0.42;0.37;0.33;0.36;0.4;0.5;0.65;0.6;0.6;0.5;0.45;0.38;0.25;0.5;0.35;0.3;0.4;0.1444;0.39;0.1521;0.04;0.25;0.52;0.2704;0.09
30/11/2008;0.36;0.38;0.07;0.283;0.73;5.47;34022;129;-4.17;-0.7;85;-3.6;-4.4;-0.2;6;-40;0;0.1;-0.54;1961.23;415;-25.67490122;0.1473;0.1732;-660.97;0.7273;1375;0;0;-0.23;11.147;61.78;-1.24;55.615;52.058;65.797;53.871;14.35;0.004333;-0.084;4.032;13.476;0.078;1522.7;22641;-0.69;-8.43;0.42;-1.81;0.09;2.77;0.29;0.01;132.32;-5.13;24.91;6.06;-8.58;0.5;0.59;0.55;0.55;0.45;0.41;0.39;0.35;0.45;0.39;0.35;0.36;0.4;0.53;0.6;0.53;0.5;0.47;0.42;0.37;0.23;0.54;0.37;0.3;0.33;0.42;0.25;0.51;0.2601;0.05;0.3481;0.58;0.3364;0.09
31/12/2008;0.28;-0.13;-0.44;-1.755;0.03;4.88;33766;-578;-5.27;-1.3;82.9;-4.4;-20.7;0.1;-12;29;-0.1;-0.9;1.09;1940.15;415;-12.27672145;0.0082;0.3078;954.44;0.659;4261;0;0;0.26;10.632;-41.62;-2.51;41.015;41.5;55.276;43.746;-7.64;0.00026;0.028;4.977;13.559;0.037;287.4;24957;0.1;12.03;0.26;-1.13;0.05;1.72;0.23;0;147.55;8.35;21.09;34.73;40.28;0.38;0.42;0.53;0.41;0.4;0.39;0.34;0.42;0.4;0.35;0.36;0.4;0.45;0.4;0.4;0.45;0.38;0.37;0.38;0.35;0.35;0.4;0.34;0.43;0.4;0.41;0.1444;0.37;0.1369;0.1;0.1764;0.44;0.1936;0.1
31/01/2009;0.48;-0.44;0.01;0.074;-0.85;4.59;31831;-1451;-3.24;-1.6;78.1;-12.8;-39.5;-0.8;-71;-122;0.1;-1.3;-1.13;2105.89;415;-0.637512882;0.0085;-0.2631;1750.48;0.6853;7167;0;-1;-1.01;9.649;1.59;-9.19;54.817;46.154;69.333;47.255;-6.68;-0.000383;0.09;5.447;22.964;0.033;-2167.5;-530;1;38.16;0.37;0.61;0.05;1.38;0.25;0.01;137.54;25.43;38.41;44.1;59.92;0.38;0.53;0.37;0.36;0.35;0.3;0.43;0.38;0.32;0.35;0.4;0.45;0.44;0.39;0.55;0.35;0.35;0.3;0.3;0.4;0.35;0.27;0.34;0.4;0.49;0.43;0.1444;0.38;0.1444;0.06;0.2809;0.5;0.25;0.11
28/02/2009;0.55;0.26;-0.13;-0.492;0.54;4.59;30818;-1561;-0.05;-0.6;77;2.5;38;1.4;136;186;-0.8;-1.4;-0.42;2524.26;415;-0.656085784;0.0636;0.0519;-1117.48;0.6697;1161;0;0;-0.01;9.084;77.68;-0.28;52.388;50.692;62.846;50.868;-11.44;0.000958;-0.349;6.031;12.032;0.009;353.1;1231;0.12;7.84;0.01;0.53;-0.03;0.16;0.07;0.02;136.27;-27.35;-18.71;-2.5;-8.24;0.57;0.35;0.35;0.32;0.29;0.4;0.35;0.3;0.35;0.38;0.45;0.44;0.45;0.54;0.36;0.35;0.37;0.25;0.35;0.33;0.31;0.39;0.43;0.48;0.4;0.4;0.3249;0.56;0.3136;0.06;0.1225;0.34;0.1156;0.08
31/03/2009;0.2;-0.74;-0.84;-3.316;-0.31;4.19;30700;452;1.08;-0.1;77.2;1.9;7.2;0.3;53;0;1.4;-1.1;-2.14;1998.19;465;16.18954502;-0.0638;0.0547;2742.56;0.621;2454;0;-1.5;-1.52;7.539;-37.04;-15.64;37.413;35.006;48.347;35.366;-15.12;-0.000938;-0.03;3.504;13.169;0.007;2152.6;2987;0.11;7.2;0.07;0.09;0.03;-0.23;-0.05;-0.02;135.06;-1.74;5.94;14.71;17.58;0.26;0.33;0.3;0.25;0.36;0.32;0.3;0.34;0.36;0.4;0.45;0.45;0.35;0.2;0.38;0.28;0.27;0.44;0.34;0.3;0.35;0.4;0.45;0.45;0.48;0.34;0.0676;0.25;0.0625;0.08;0.1089;0.32;0.1024;0.08
30/04/2009;0.48;-0.15;0.04;0.181;-0.71;4.2;32302;771;1.29;0.5;78.9;1.6;7.2;0.5;74;67;0.3;-1;-0.78;1981.8;465;5.351581922;-0.1324;-0.1752;6363.66;0.5213;639;0;-1;-0.96;8.302;40.9;7.82;47.735;41.542;55.909;41.933;31.08;-0.002854;-0.163;4.624;14.21;0.013;-946.2;6679;0;6.71;0.15;-0.18;0.05;1.13;0.12;0.01;144.76;-2.08;-2.2;13.39;21.32;0.42;0.31;0.25;0.35;0.3;0.28;0.32;0.35;0.4;0.43;0.45;0.35;0.32;0.42;0.29;0.2;0.43;0.32;0.26;0.36;0.39;0.45;0.49;0.48;0.35;0.36;0.1764;0.42;0.1764;0.07;0.0961;0.32;0.1024;0.09
31/05/2009;0.47;-0.07;0.18;0.707;0.17;4.1;32162;120;1.29;0.4;79.5;0.6;8.1;-0.1;-14;-23;0.5;-0.7;2.53;1982.4;465;12.10056614;-0.2202;-0.1175;5908.2;0.5652;620;0;0;-0.11;9.295;-6.34;8.51;53.538;48.621;62.886;48.836;-26.44;-0.004047;0.128;4.217;14.09;0.008;1664.3;9302;-0.08;1.17;-0.08;0.71;-0.02;-0.62;-0.06;0;133.32;2.18;4.09;24.45;15.84;0.4;0.25;0.33;0.3;0.27;0.3;0.35;0.37;0.45;0.46;0.34;0.32;0.3;0.39;0.26;0.45;0.35;0.22;0.34;0.3;0.34;0.4;0.53;0.25;0.38;0.28;0.16;0.39;0.1521;0.06;0.0625;0.23;0.0529;0.07
30/06/2009;0.36;-0.1;-0.32;-1.236;-0.03;4.05;31209;-258;1.06;0.1;80.7;2.5;2.2;-0.1;6;-16;-0.1;-0.2;-0.12;1965.36;465;23.72665536;-0.0184;-0.0421;-1732.27;0.5855;3253;0;-1;-1.05;8.868;-38.42;-2.48;43.502;41.756;56.337;42.293;-2.95;-0.000497;0.025;3.811;14.401;0.01;-1875.2;13905;0.2;10.63;-0.27;1.18;-0.04;-1.06;-0.14;-0.01;139.19;1.31;12.77;30.83;33.9;0.29;0.35;0.3;0.26;0.3;0.34;0.36;0.44;0.47;0.35;0.32;0.3;0.3;0.29;0.38;0.35;0.25;0.3;0.33;0.4;0.44;0.49;0.24;0.33;0.3;0.23;0.0841;0.28;0.0784;0.04;0.1225;0.34;0.1156;0.07
31/07/2009;0.24;-0.43;-0.64;-2.519;-0.35;4.09;31147;310;1.32;0;80.5;1.2;3.6;-0.7;-65;-104;-0.1;0;0.75;1957.86;465;2.224975061;-0.0867;-0.0799;3300.26;0.5449;3622;-0.25;-0.5;-0.35;9.4;5.63;4.6;42.117;40.775;55.032;42.708;0;-0.001307;0.053;4.12;14.064;0.009;1195.5;16816;0.22;10.29;-0.29;0.45;-0.05;-1.45;-0.22;-0.01;135.55;6.47;20.26;20.75;19.73;0.32;0.3;0.25;0.3;0.35;0.36;0.42;0.45;0.34;0.34;0.3;0.3;0.33;0.41;0.33;0.24;0.35;0.35;0.36;0.46;0.53;0.3;0.31;0.3;0.28;0.31;0.1024;0.33;0.1089;0.07;0.09;0.3;0.09;0.07
31/08/2009;0.15;-0.36;0.09;0.36;-0.6;3.98;31712;467;1.43;0.3;81.3;1.4;-1.7;-0.1;-12;-2;-0.7;-0.1;-0.14;1964.99;465;11.07476742;0.0153;0.0365;1723.26;0.5762;8147;0;0;0.01;9.831;57.94;1.45;52.528;45.857;60.324;48.271;8.26;-1.00E-04;0.124;3.955;14.287;0.007;-1048.8;19869;0.35;13.9;-0.06;1.11;0.01;0.12;-0.04;0;137.02;-3.99;3.47;27.84;50.98;0.17;0.23;0.3;0.35;0.39;0.42;0.45;0.35;0.34;0.3;0.28;0.33;0.3;0.18;0.21;0.35;0.35;0.4;0.39;0.45;0.28;0.3;0.3;0.27;0.33;0.2;0.0289;0.17;0.0289;0.07;0.0529;0.23;0.0529;0.06
30/09/2009;0.24;0.42;0.25;0.968;0.35;4.18;32608;448;1.49;0.1;81.9;1.2;2.1;0.1;-5;42;-0.1;0.8;0.53;1976.63;465;-2.028579438;-0.1134;-0.1092;5028.91;0.5023;4614;0;0;-0.02;9.832;-40.91;-0.35;50.73;46.223;60.823;47.183;3.69;-0.001518;-0.057;3.967;14.4;0.011;814.1;21177;0.09;7.86;-0.15;0.09;-0.01;-0.19;-0.09;0;145.7;4.33;6.1;34.7;39.21;0.25;0.3;0.35;0.39;0.43;0.47;0.33;0.35;0.3;0.3;0.34;0.33;0.3;0.24;0.3;0.35;0.39;0.42;0.49;0.3;0.3;0.3;0.28;0.33;0.2;0.23;0.0625;0.25;0.0625;0.04;0.09;0.31;0.0961;0.04
31/10/2009;0.28;0.05;-0.04;-0.16;0.1;4.27;33100;165;1.43;0.5;82.6;1.8;7.4;-0.4;-33;-58;0.1;0.4;0.05;1996.8;465;15.87008363;-0.0058;0.0063;27.61;0.5168;4976;0;0;0.02;10.26;28.44;8.96;45.392;39.227;53.503;40.226;6.74;-0.000949;-0.119;3.865;14.091;0.268;-1642.5;22493;0.5;22.23;-3.57;1.01;-0.47;0.3;0.05;-0.07;147.45;7.08;16.48;43.25;49.54;0.3;0.35;0.4;0.47;0.49;0.34;0.35;0.32;0.3;0.35;0.32;0.3;0.35;0.28;0.35;0.41;0.5;0.51;0.34;0.32;0.31;0.24;0.32;0.23;0.26;0.29;0.09;0.29;0.0841;0.05;0.1225;0.34;0.1156;0.04
30/11/2009;0.41;0.1;0.07;0.284;0.07;4.35;33722;210;0.89;0.4;83.7;1.3;7.5;-0.2;-46;0;-0.4;0.6;-0.06;1997.94;465;0.866633994;-0.0055;0.0395;5498.94;0.519;2525;0;0;0;11.017;52.45;11.54;58.463;54.367;69.41;55.725;4.79;7.00E-05;0.129;3.98;14.865;0.055;-565.9;23104;-0.19;1.2;0;0;0;-0.85;-0.1;0;156.87;0.06;-4.22;15.28;34.56;0.35;0.37;0.49;0.5;0.33;0.35;0.32;0.3;0.32;0.3;0.3;0.35;0.37;0.31;0.37;0.47;0.52;0.34;0.36;0.3;0.3;0.3;0.25;0.27;0.31;0.31;0.1225;0.35;0.1225;0.04;0.1369;0.37;0.1369;0.05
31/12/2009;0.37;-0.26;-0.11;-0.437;-0.07;4.38;34078;-8;0.37;0.3;83.3;2.2;0.6;-0.1;-30;-9;-0.2;0.8;1.07;1999.6;465;0.827097402;-0.0112;-0.1327;1543.97;0.5;5940;0;0;-0.07;12.24;-24.01;0;62.063;57.189;74.24;59.509;6.44;-0.000169;0.656;4.973;16.808;0.056;-255.9;25273;-0.26;3;0;-0.36;0;0.19;0;0;166.07;10.75;15.03;30.05;34.89;0.34;0.53;0.52;0.32;0.35;0.35;0.3;0.31;0.3;0.3;0.35;0.4;0.42;0.37;0.52;0.49;0.36;0.4;0.41;0.33;0.42;0.28;0.26;0.31;0.38;0.46;0.1156;0.34;0.1156;0.05;0.2809;0.51;0.2601;0.09
31/01/2010;0.75;0.63;1.01;3.974;0.2;4.65;34480;-242;0.35;0.9;81.1;0;-2;-0.6;-39;-83;-0.1;0.7;-0.53;2124.53;465;1.700394504;0.1505;0.1285;-3186.64;0.5295;10687;0;0;0.08;12.219;-30.03;-2.17;65.751;53.797;79.648;56.928;-7.35;0.002646;-0.105;5.131;25.592;0.033;-2676.6;-181;-0.08;14.21;0;0.07;0;0.53;0.04;0;155.65;29.77;35.42;45.38;53.47;0.63;0.6;0.34;0.35;0.35;0.29;0.31;0.31;0.3;0.35;0.4;0.41;0.5;0.63;0.59;0.41;0.45;0.39;0.27;0.4;0.33;0.29;0.28;0.33;0.38;0.5;0.3969;0.62;0.3844;0.09;0.36;0.59;0.3481;0.1
28/02/2010;0.78;1.18;1.09;4.337;1.08;4.65;33718;-799;0.59;-0.9;79.8;2.1;-0.1;0.4;55;40;-0.6;0.6;-0.08;2504.32;510;2.577266963;-0.0874;-0.1668;1101.5;0.5;4132;0;0;-0.01;11.495;136.27;-1.11;63.251;59.664;73.901;60.491;1.12;-0.001221;-0.174;6.132;14.076;0.008;2119.6;208;-0.45;-1.95;2.9;-1.03;0.4;0.52;0;0.1;154.33;-22.75;-20.99;-11.34;-8.51;0.75;0.35;0.35;0.34;0.29;0.3;0.3;0.3;0.35;0.37;0.4;0.5;0.53;0.76;0.3;0.3;0.3;0.25;0.29;0.35;0.26;0.36;0.46;0.5;0.5;0.4;0.5625;0.73;0.5329;0.11;0.1225;0.36;0.1296;0.06
31/03/2010;0.52;0.94;0.63;2.549;1.1;4.72;34066;666;1;-0.2;79.8;-0.1;-1;0.2;24;11;0.4;0.9;-2.22;2027.8;510;13.01277923;-0.0263;-0.0548;3868.27;0.5013;2514;0;0;-0.01;10.112;-55.21;-14.03;44.159;41.706;57.112;42.035;-4.38;-0.000374;-0.062;4.183;15.207;0.007;748.9;881;-0.08;11.09;-2.9;0.35;-0.4;1.06;0.13;-0.1;156.71;-2.42;3.54;7.46;23.45;0.48;0.4;0.35;0.29;0.3;0.3;0.3;0.35;0.37;0.4;0.51;0.55;0.36;0.48;0.42;0.3;0.23;0.25;0.35;0.25;0.35;0.42;0.48;0.54;0.49;0.37;0.2304;0.48;0.2304;0.06;0.16;0.4;0.16;0.07
30/04/2010;0.57;0.77;0.72;2.91;0.63;4.84;35314;562;0.4;1.8;82.8;1;-1;0.2;-15;81;0.2;1.2;-0.8;2031.17;510;4.165685936;-0.0419;-0.0936;-2841.81;0.5;2160;0;0.75;0.77;10.486;20.91;6.45;53.537;46.495;62.552;46.769;26.58;-0.001252;0.021;5.213;15.883;0.008;-1923.4;2163;0.01;17.17;0;0.07;0;-0.13;-0.08;0;154.63;4.24;12.67;31.14;41.28;0.5;0.39;0.3;0.3;0.31;0.3;0.36;0.39;0.4;0.55;0.55;0.4;0.38;0.52;0.42;0.25;0.23;0.29;0.28;0.35;0.43;0.48;0.52;0.53;0.41;0.38;0.25;0.5;0.25;0.05;0.1521;0.39;0.1521;0.07
31/05/2010;0.43;1.19;1.57;6.372;1.11;4.85;35366;327;-0.73;0.6;83.6;1.2;2.6;-0.3;-7;-71;0.2;0.4;3;2042.55;510;6.896800529;0.0815;-0.0717;-4483.22;0.5877;3290;0;0;-0.01;11.286;43.02;7.25;66.966;62.057;78.573;62.592;-14.17;0.001825;0.174;4.868;16.33;0.009;386.7;5613;-0.61;-5.68;0;-0.24;0;-0.41;-0.04;0;158.69;-0.64;-4.13;-6.38;-5.6;0.45;0.3;0.3;0.32;0.32;0.37;0.4;0.42;0.56;0.56;0.4;0.37;0.35;0.45;0.28;0.25;0.29;0.37;0.43;0.44;0.52;0.58;0.6;0.4;0.38;0.28;0.2025;0.46;0.2116;0.05;0.09;0.3;0.09;0.08
30/06/2010;0;0.85;0.34;1.409;1.3;4.7;34605;84;-0.71;-0.2;84.4;-0.5;0.7;0.2;-23;77;-0.3;0.6;-0.53;2013.36;510;-13.12327481;-0.0162;-0.0327;-2110.61;0.5505;3695;0;0.75;0.75;10.924;-41.17;-2.56;51.548;48.731;65.501;48.967;11.56;-0.000256;0.042;4.522;16.582;0.008;2611;7880;0.01;15.86;0;-0.39;0;-0.35;-0.05;0;159.63;2.55;13.75;26.64;37.55;0.12;0.25;0.35;0.35;0.4;0.45;0.45;0.56;0.57;0.4;0.37;0.35;0.3;0.14;0.25;0.36;0.37;0.45;0.48;0.53;0.58;0.6;0.46;0.33;0.26;0.38;0.0144;0.14;0.0196;0.08;0.0625;0.26;0.0676;0.07
31/07/2010;0.01;0.15;0.22;0.898;0.05;4.8;34570;247;-0.29;-0.1;83.9;-0.1;0.5;-0.5;-43;-73;0.2;0.5;1.1;2017.76;510;2.514166738;-0.0498;0.0821;6579.5;0.5811;5947;0;0.5;0.51;11.445;-11.54;3.83;50.485;44.695;61.465;46.765;3.95;-0.000953;0.029;4.395;16.58;0.006;-3270.3;9224;-0.04;13.66;0;-0.09;0;1.91;0.1;0;162.53;3.51;18.89;29.72;46.73;0.09;0.31;0.36;0.43;0.45;0.47;0.56;0.59;0.41;0.38;0.35;0.3;0.35;0.03;0.3;0.4;0.47;0.48;0.52;0.64;0.64;0.39;0.42;0.37;0.34;0.26;0.0081;0.09;0.0081;0.08;0.0961;0.31;0.0961;0.07
31/08/2010;0.04;0.77;1.1;4.55;0.46;4.9;34382;257;-0.03;-0.1;84.3;-1;0.8;-0.1;16;-21;-0.5;0.6;-0.71;2064.81;510;8.019404623;0.001;-0.064;-2369.95;0.6313;8707;0;0;0;11.204;83.31;-1.6;60;51.527;68.564;54.019;4.03;7.10E-05;0.009;4.489;16.844;0.006;689.1;11614;0;15.42;2.7;0.21;0.5;0.32;0;0.1;173.24;1.12;10.86;38.3;36.55;0.17;0.36;0.43;0.45;0.48;0.56;0.6;0.41;0.39;0.35;0.3;0.35;0.33;0.1;0.41;0.41;0.48;0.51;0.55;0.61;0.39;0.4;0.35;0.32;0.41;0.3;0.0289;0.17;0.0289;0.07;0.1296;0.37;0.1369;0.07
30/09/2010;0.45;1.15;1.1;4.592;1.12;5.23;35006;-63;0.26;0;84.8;-0.4;0.6;-0.2;-24;-18;-0.1;0.9;0.06;2090.92;510;-0.165507631;-0.0686;0.0732;4284.33;0.5228;3797;0;0;-0.02;11.509;-29.41;0.91;57.808;52.288;69.817;54.218;9.81;-0.001024;0.119;4.748;17.331;0.009;1603.1;12685;-0.15;10.7;0;-0.07;0;-0.19;-0.05;0;176;6.91;24.47;48.59;62.01;0.42;0.47;0.48;0.5;0.58;0.6;0.43;0.4;0.38;0.3;0.35;0.33;0.34;0.46;0.58;0.48;0.45;0.6;0.72;0.47;0.44;0.41;0.31;0.4;0.34;0.31;0.1764;0.41;0.1681;0.06;0.2209;0.48;0.2304;0.09
31/10/2010;0.75;1.01;1.03;4.363;1.15;5.37;35466;-66;0.21;-0.3;84.5;0.2;0.3;-0.5;-55;-67;-0.2;0.2;0.87;2126.95;510;11.80870318;0.0118;0.0657;1243.52;0.5648;6783;0;0;0.03;12.121;-13.72;7.97;129.344;121.832;139.225;122.979;-1.21;-2.20E-05;-0.091;4.656;17.128;0.328;-973.2;14512;-0.74;-12;0;-0.78;0;1.06;0.99;0;177.44;5.99;29.15;57.29;104.67;0.65;0.5;0.49;0.59;0.65;0.42;0.4;0.38;0.3;0.34;0.33;0.33;0.37;0.7;0.57;0.5;0.66;0.73;0.42;0.47;0.38;0.31;0.39;0.31;0.37;0.42;0.4225;0.64;0.4096;0.07;0.25;0.51;0.2601;0.07
30/11/2010;0.83;1.45;1.58;6.77;1.16;5.62;35505;47;-0.21;-0.1;85;0;0.9;-0.1;-15;-20;-0.5;0.1;-0.77;2136.76;510;-2.099137741;0.0152;-0.135;-2967.9;0.5217;4494;0;0;0;12.801;77.26;1.55;62.338;56.349;74.053;58.989;-2.04;0.000441;0.675;4.604;17.564;0.062;261.3;14803;-0.19;6.37;-0.1;-0.31;0;-0.66;-0.08;0;178.49;0.97;12.65;39.86;14.91;0.75;0.55;0.6;0.68;0.45;0.42;0.39;0.3;0.35;0.32;0.34;0.4;0.43;0.72;0.5;0.55;0.68;0.45;0.43;0.42;0.3;0.36;0.32;0.25;0.38;0.48;0.5625;0.75;0.5625;0.11;0.3025;0.55;0.3025;0.08
31/12/2010;0.63;0.69;0.38;1.662;1.27;5.51;35378;-107;-0.45;0.4;85;0.3;1.3;-0.4;-42;-43;-0.1;0.1;0.6;2131;510;-2.661386803;-0.053;-0.0087;1599.41;0.5641;5914;0;0;0;12.833;-40.75;1.07;58.453;53.041;71.091;54.152;8.39;-0.001158;-0.523;6.199;17.92;0.046;-1031.2;20147;-0.05;14.36;-0.1;-0.07;0;0.16;0.02;0;206.85;8.84;32.71;29.45;30.29;0.62;0.6;0.69;0.45;0.42;0.4;0.3;0.33;0.32;0.35;0.4;0.45;0.45;0.63;0.67;0.75;0.48;0.42;0.42;0.3;0.35;0.35;0.3;0.36;0.42;0.47;0.3844;0.62;0.3844;0.06;0.36;0.61;0.3721;0.08
31/01/2011;0.83;0.79;0.98;4.288;0.49;5.67;36187;-202;-0.33;-0.2;81.7;1;-1.3;-0.4;-27;-80;-0.4;0.2;0.23;2203.49;510;9.490982126;0.0057;0.0611;-2729.93;0.6224;8287;0;0.5;0.5;13.473;37.7;126.43;81.205;66.913;97.919;67.554;-7.79;0.000232;0.197;5.814;30.524;0.048;-1833.5;397;-0.12;8.68;-0.1;0.08;0;0.89;0.05;0;193.55;21.59;59.66;50.96;50.52;0.75;0.8;0.45;0.44;0.4;0.3;0.32;0.33;0.35;0.41;0.45;0.46;0.55;0.78;0.9;0.5;0.45;0.39;0.28;0.36;0.37;0.35;0.39;0.49;0.44;0.56;0.5625;0.75;0.5625;0.07;0.64;0.79;0.6241;0.08
28/02/2011;0.8;1;0.96;4.218;1.03;5.55;35812;-892;0.1;0;81.6;0.1;-5.4;0.8;85;86;-0.4;-0.2;-0.51;2648.26;540;16.94670998;-0.0027;0.0124;808.34;0.6015;2442;0;0;0.01;13.644;94.66;-51.66;75.321;73.649;90.874;74.092;-2.03;-0.000302;-0.181;7.11;17.116;0.01;989.4;1589;-0.32;1.53;-0.1;-0.27;0;0.8;-0.01;0;185.61;-22.69;-12.62;6.39;6;0.85;0.49;0.45;0.4;0.3;0.31;0.32;0.35;0.43;0.47;0.48;0.6;0.57;0.86;0.53;0.51;0.42;0.28;0.35;0.3;0.27;0.39;0.49;0.42;0.6;0.65;0.7225;0.85;0.7225;0.05;0.2401;0.49;0.2401;0.07
31/03/2011;0.79;0.62;0.61;2.727;0.84;5.56;35533;-139;0.13;0.4;82.3;1.7;6.2;0.3;50;35;0.8;0.3;-2.39;2109.54;540;0.525521285;-0.0325;0.0146;1203.48;0.5415;1402;0;0.5;0.51;11.518;-58.1;-12.78;51.129;48.985;66.98;49.39;0.59;-0.000535;-0.168;5.105;17.778;0.01;2102.5;3141;-0.1;11.2;0;0.09;0;0.2;-0.01;0;179.92;-2.97;19.5;53.5;63.26;0.63;0.55;0.41;0.3;0.31;0.32;0.35;0.44;0.48;0.46;0.6;0.62;0.42;0.69;0.62;0.44;0.34;0.32;0.33;0.34;0.41;0.54;0.45;0.6;0.67;0.48;0.3969;0.63;0.3969;0.1;0.3025;0.54;0.2916;0.08
30/04/2011;0.77;0.45;0.5;2.241;0.56;5.62;1.00E-04;750;-0.54;-0.1;83.3;0.4;6.2;0.1;-17;47;0.3;0;-0.73;2113.39;545;9.526273969;-0.0564;0.0226;-2453.84;0.6236;2254;0;0.25;0.25;12.519;25.89;3.99;63.061;55.294;73.536;55.541;12.28;-0.001204;-0.208;6.407;18.02;0.01;-2268.3;5001;-0.11;6.95;-0.1;0.03;0;0.05;-0.02;0;172.73;-2.63;26.41;35.44;33.16;0.81;0.43;0.25;0.3;0.3;0.35;0.44;0.49;0.47;0.6;0.64;0.43;0.42;0.87;0.47;0.17;0.2;0.26;0.32;0.5;0.58;0.58;0.6;0.65;0.5;0.48;0.6561;0.78;0.6084;0.09;0.1849;0.43;0.1849;0.07
31/05/2011;0.47;0.43;0.01;0.065;0.55;5.14;35835;110;-0.73;-0.5;82.9;-2.7;-2.3;-0.1;4;-6;0.1;0.2;2.25;2077.74;545;11.95687905;0.0047;-0.0576;-1512.78;0.6354;478;0;0;-0.06;12.677;23.83;3.29;74.957;70.586;89.355;70.915;-10.23;0.000445;0.81;5.999;18.546;0.01;2138.4;8523;-0.28;1.59;-0.1;0;0;-0.46;-0.05;0;178.3;-3.54;7.88;16.72;25.62;0.48;0.1;0.2;0.3;0.35;0.45;0.5;0.5;0.6;0.65;0.45;0.43;0.39;0.49;0.06;0.11;0.3;0.35;0.49;0.53;0.57;0.67;0.73;0.5;0.49;0.46;0.2304;0.48;0.2304;0.05;0.01;0.12;0.0144;0.1
30/06/2011;0.15;-0.18;-0.13;-0.59;-0.22;5.03;35567;-98;-0.79;0.2;84;2.7;4;0;-4;-10;-0.1;0.2;-0.59;2115.41;545;-1.029008462;-0.0168;-0.0092;-2216.44;0.5961;777;0;0.25;0.3;12.644;-39.58;0.88;59.319;56.327;75.6;56.801;13.71;-0.000447;-0.132;5.362;19.04;0.009;-582.3;12952;-0.02;14.67;-0.1;0;0;-0.35;-0.09;0;190.51;1.27;25.35;38.39;44.84;0.05;0.15;0.29;0.36;0.46;0.5;0.5;0.6;0.65;0.45;0.43;0.4;0.26;0.03;0.15;0.26;0.4;0.45;0.51;0.51;0.6;0.72;0.53;0.48;0.38;0.21;0.0025;0.05;0.0025;0.06;0.0225;0.16;0.0256;0.06
31/07/2011;0.16;-0.12;-0.05;-0.225;-0.12;5.32;35161;132;-1;0.1;83.6;-2.1;-2.6;-0.2;1;-47;0;0.1;1.11;2105.3;545;3.706626984;-0.014;-0.0349;-3580.19;0.6441;2576;0;0.25;0.25;13.192;6.48;1.66;69.681;63.849;83.665;66.283;-4.76;-0.000277;0.14;5.183;19.612;0.013;704;16090;-0.24;5.62;0;0.03;0;0.28;0.06;0;182.1;4.26;26.83;34.25;34.59;0.2;0.28;0.36;0.46;0.5;0.5;0.61;0.65;0.49;0.45;0.4;0.25;0.29;0.22;0.27;0.35;0.47;0.5;0.5;0.72;0.73;0.54;0.45;0.46;0.25;0.28;0.04;0.19;0.0361;0.05;0.0784;0.28;0.0784;0.06
31/08/2011;0.37;0.44;0.61;2.756;0.2;5.43;35419;49;-0.85;-0.4;83.7;0.6;5.7;-0.2;-28;-4;-0.2;0.2;-1.06;2147.73;545;3.150262106;0.0403;0.0531;-2328.33;0.6478;8357;0;-0.5;-0.01;13.399;245.99;1.81;77.799;70.168;90.14;72.684;6.16;0.000679;0.024;5.226;19.756;0.016;-80.7;19987;-0.17;5;-0.2;-0.15;0;-0.09;-0.01;0;179.29;-1.22;20.64;50.7;35.04;0.32;0.39;0.45;0.51;0.53;0.61;0.68;0.48;0.45;0.4;0.25;0.28;0.29;0.34;0.4;0.41;0.56;0.6;0.7;0.75;0.48;0.48;0.43;0.27;0.29;0.33;0.1024;0.31;0.0961;0.06;0.1521;0.38;0.1444;0.06
30/09/2011;0.53;0.65;0.75;3.404;0.63;5.84;36337;417;-0.87;0.3;84.6;-2.1;-1.4;0;-10;6;-0.2;0.1;0.81;2159.18;545;-8.918219833;0.2897;0.232;-4170.7;0.63;4679;0;0;-0.51;13.834;-71.4;1.16;60.777;54.294;74.965;56.611;12.47;0.004702;0.07;5.077;20.451;0.013;-1281.7;23061;0.1;17.1;0;-0.4;0;-0.12;-0.03;0;188.51;-4.36;26.07;54.08;64.49;0.5;0.48;0.51;0.5;0.65;0.7;0.5;0.46;0.4;0.27;0.3;0.3;0.35;0.51;0.47;0.48;0.5;0.7;0.85;0.5;0.47;0.48;0.27;0.28;0.27;0.36;0.25;0.49;0.2401;0.07;0.2304;0.48;0.2304;0.05
31/10/2011;0.43;0.53;0.4;1.814;0.64;5.62;36699;-80;-0.72;-0.5;84;-1;-10.5;0;8;3;0;-0.2;0.32;2129.63;545;-52.85195172;-0.1636;-0.1411;6013.97;0.5859;6678;0;-0.5;-0.49;13.53;-7.41;-0.56;68.843;58.472;78.476;59.909;-3.05;-0.002553;-0.163;5.331;19.793;0.36;2608.5;25423;0;9.18;0;-1.9;0;0.59;0.08;0;188.07;6.77;30.38;42.7;35.97;0.45;0.5;0.5;0.65;0.71;0.5;0.45;0.42;0.27;0.29;0.3;0.35;0.45;0.46;0.52;0.52;0.63;0.78;0.54;0.48;0.47;0.37;0.31;0.32;0.33;0.49;0.2025;0.44;0.1936;0.03;0.25;0.5;0.25;0.05
30/11/2011;0.52;0.5;0.43;1.964;0.44;5.56;36745;-102;-0.38;-0.4;84.2;-0.9;0.1;-0.2;-28;-38;0;-0.5;-0.94;2128.46;545;27.65300528;0.0928;0.0552;-1463.41;0.5627;3436;0;-0.5;-0.03;13.536;91.77;-1.4;71.468;65.988;86.715;68.854;1.68;0.002918;0.117;5.199;20.522;0.067;-921.6;25994;-0.09;6.32;0.2;1.07;0;3.19;0.53;0;182.67;-2.22;6.93;23.37;36.18;0.5;0.51;0.61;0.66;0.5;0.47;0.45;0.25;0.27;0.3;0.35;0.45;0.5;0.5;0.53;0.61;0.66;0.5;0.53;0.42;0.25;0.26;0.26;0.35;0.44;0.5;0.25;0.5;0.25;0.03;0.2601;0.51;0.2601;0.05
31/12/2011;0.5;-0.12;-0.16;-0.716;0.19;5.35;36370;-187;-0.01;-0.1;83.7;0.5;6;-0.6;-78;-55;-0.2;-0.5;0.61;2135.43;545;-16.29988777;0.0583;-0.014;-120.9;0.6134;2291;0;0;-0.49;13.73;-40.68;13.68;64.584;58.974;79.736;60.791;13.47;0.000548;-0.23;6.578;20.559;0.05;-3481.4;29792;0;10.16;-0.3;-0.79;0;-1.86;-0.27;0;214.24;8.39;31.01;45.38;42.93;0.54;0.59;0.6;0.5;0.47;0.44;0.25;0.25;0.3;0.36;0.45;0.5;0.5;0.55;0.52;0.58;0.54;0.55;0.52;0.31;0.21;0.23;0.39;0.49;0.53;0.54;0.2916;0.53;0.2809;0.04;0.3481;0.58;0.3364;0.06
31/01/2012;0.56;0.25;0.3;1.393;0.08;5.29;36744;-202;-0.04;-0.2;80.4;2.7;3.8;-0.5;-26;-92;-0.6;0.1;-0.15;2346.25;545;-9.411281239;-0.12;-0.1301;6318.23;0.6292;5840;0;-0.5;-0.56;13.856;-10.28;-7.81;80.985;64.71;100.362;65.556;-9.01;-0.002448;0.372;6.249;34.699;0.046;-1586.8;-1308;0.18;18.64;0.2;-0.31;0;1.82;1.24;0;212.14;24.18;48.45;81.35;89.41;0.55;0.55;0.48;0.47;0.44;0.26;0.25;0.3;0.37;0.45;0.5;0.51;0.58;0.52;0.55;0.48;0.5;0.44;0.28;0.22;0.24;0.36;0.47;0.52;0.55;0.7;0.3025;0.55;0.3025;0.05;0.3025;0.56;0.3136;0.06
29/02/2012;0.45;-0.06;0.07;0.33;0.04;5.24;36354;-683;-0.23;-1.7;79;-4.9;-31.4;0.8;76;103;-0.5;0.4;-0.38;2725.96;622;64.13625596;-0.0294;0.0021;2739.42;0.5223;2390;0;0;-0.04;14.75;182.52;8.39;86.821;82.65;102.444;83.387;-6.7;-0.001014;-0.069;8.279;19.598;0.017;1170.4;395;-0.38;-6.35;0;0.75;0.1;1.57;0.18;0;191.49;-25.55;-25.68;55.29;49.34;0.46;0.45;0.49;0.45;0.28;0.25;0.3;0.38;0.46;0.52;0.52;0.59;0.57;0.45;0.43;0.46;0.44;0.3;0.23;0.27;0.4;0.46;0.53;0.55;0.69;0.5;0.2116;0.46;0.2116;0.05;0.2025;0.45;0.2025;0.05
31/03/2012;0.21;0.43;0.56;2.573;0.27;5.38;36914;467;-0.56;1.8;81;0.6;12.1;0.2;44;21;0.8;-0.5;-2.23;2195.31;622;6.095692817;0.1094;0.1495;-1300.76;0.5819;1934;0;-0.75;-0.75;12.262;-44.93;-13.8;59.567;58.717;77.758;59.325;-7.1;0.002324;-0.48;5.468;18.802;0.014;5318.8;2419;-0.02;8.75;-0.1;0.26;-0.1;-1.71;-0.33;0;201.96;-2.92;7.85;36.36;45.53;0.44;0.5;0.47;0.28;0.25;0.3;0.39;0.46;0.52;0.53;0.6;0.57;0.49;0.45;0.54;0.5;0.29;0.2;0.35;0.37;0.45;0.49;0.53;0.65;0.58;0.55;0.1936;0.43;0.1849;0.05;0.25;0.51;0.2601;0.07
30/04/2012;0.64;0.85;1.02;4.705;0.7;5.58;38575;444;-1.03;0.2;82.2;-0.3;8.4;0.5;50;73;0.2;-0.1;0.26;2213;622;-21.68928549;0.0815;0.0878;-2690.71;0.6112;4665;0;-0.75;-0.82;12.966;5.83;3.92;70.816;60.653;83.102;61.124;11.23;0.001265;0.132;6.804;22.221;0.015;-1546.8;3298;-0.07;10.6;0;-1.02;0;-0.6;-0.06;0;193.18;0.61;14.7;65.32;74.24;0.57;0.47;0.28;0.22;0.3;0.4;0.47;0.54;0.53;0.6;0.58;0.5;0.5;0.57;0.5;0.3;0.21;0.25;0.35;0.44;0.53;0.57;0.65;0.6;0.55;0.5;0.3249;0.56;0.3136;0.06;0.2209;0.47;0.2209;0.05
31/05/2012;0.36;1.02;0.91;4.286;1.01;5.52;38161;181;-1.18;-0.7;81.6;0.7;-0.3;-0.2;-48;10;0.5;-0.2;1.86;2203.23;622;-14.54153792;0.1144;-0.0241;-7329.85;0.5;4323;0;-0.5;-0.37;14.059;4.34;2.43;80.254;74.804;96.812;75.46;-7.16;0.002433;0.182;6.109;21.766;0.012;-2088.5;6258;-0.15;2.98;0;-0.76;0;1.26;0.3;0;191.66;1.33;-3.49;33;32.62;0.46;0.25;0.2;0.3;0.4;0.48;0.54;0.55;0.62;0.6;0.5;0.5;0.45;0.47;0.29;0.2;0.29;0.45;0.45;0.55;0.57;0.64;0.61;0.49;0.52;0.42;0.2116;0.46;0.2116;0.05;0.0625;0.25;0.0625;0.08
30/06/2012;0.08;0.66;0.69;3.243;0.73;5.41;36912;-223;-0.79;0.5;82.8;0.1;-2.5;-0.2;-13;-35;-0.2;0.3;-0.98;2190.32;622;-18.43479381;-0.0133;0.0436;-135.78;0.523;8401;0;0;0.05;13.881;-44.32;0.95;63.544;59.561;81.605;60.407;22.16;0.000253;-0.204;5.873;21.821;0.014;1944.2;7058;0.13;16.06;0.1;-0.75;0.1;0.92;0.2;0;198.86;0.68;26.25;34.69;53.7;0.17;0.19;0.28;0.4;0.48;0.54;0.55;0.63;0.59;0.5;0.5;0.45;0.28;0.17;0.18;0.33;0.45;0.5;0.5;0.55;0.64;0.6;0.53;0.5;0.45;0.35;0.0289;0.17;0.0289;0.06;0.0361;0.19;0.0361;0.08
31/07/2012;0.43;1.34;1.52;7.19;0.96;5.54;36527;-306;-0.45;-0.2;82;0.6;-0.6;0.1;35;-29;-0.2;-0.2;0.85;2199.23;622;2.035373675;0.0475;-0.0147;1742.42;0.4828;7319;-0.5;-0.5;-0.55;14.54;9.12;5.27;66.586;58.188;80.032;60.978;-7.34;0.000224;0.089;5.704;21.632;0.014;-970;9921;0.11;13.33;0.1;0.05;0.1;4.11;0.37;0;203.63;5.79;23.23;37.47;33.44;0.28;0.32;0.4;0.47;0.53;0.55;0.63;0.58;0.47;0.5;0.43;0.28;0.28;0.36;0.33;0.37;0.45;0.52;0.58;0.6;0.54;0.45;0.56;0.48;0.34;0.28;0.0784;0.3;0.09;0.08;0.1024;0.31;0.0961;0.06
31/08/2012;0.41;1.43;1.29;6.227;1.59;5.68;35916;56;0.25;0;82.6;1.1;7.4;-0.5;-51;-70;0.1;0.2;-0.74;2180.29;622;-7.148327117;-0.0261;0.0235;964.4;0.4551;10401;0;-0.5;-0.45;14.49;77.08;-1.54;76.887;65.787;88.361;69.294;7.13;0.000386;-0.136;5.638;22.284;0.015;644.9;13142;-0.01;11.86;0;-0.27;0;0.86;0.01;0;203.57;0.22;8.17;51.84;49.29;0.37;0.41;0.48;0.54;0.55;0.63;0.58;0.48;0.5;0.41;0.26;0.3;0.3;0.37;0.42;0.45;0.55;0.59;0.6;0.6;0.54;0.52;0.45;0.3;0.2;0.27;0.1369;0.37;0.1369;0.04;0.1681;0.41;0.1681;0.05
30/09/2012;0.57;0.97;0.88;4.301;1.05;5.63;37207;416;0.37;0.1;83.3;1.7;2.2;-0.1;-27;15;-0.5;-0.3;0.6;2222.13;622;3.886427398;-0.0044;0.0523;2114.41;0.4551;5693;0;0;-0.02;15.187;-44.01;2.27;67.551;59.005;81.76;61.722;8.93;-0.000396;-0.169;5.556;22.535;0.018;1196.5;15695;0.07;16.13;0;0.16;0;0.53;0.13;0;202.2;1.67;17.04;50.56;56.93;0.52;0.5;0.53;0.55;0.65;0.55;0.45;0.5;0.43;0.27;0.3;0.3;0.4;0.56;0.55;0.52;0.52;0.62;0.59;0.4;0.5;0.42;0.3;0.28;0.32;0.34;0.2704;0.51;0.2601;0.06;0.25;0.5;0.25;0.05
31/10/2012;0.59;0.02;-0.31;-1.534;0.42;5.47;37616;-100;-0.35;0;83.2;-0.7;-0.9;0.1;17;20;-0.1;0.1;0.6;2232.16;622;0.665044536;0.0044;0.0264;-2107.68;0.4273;8127;0;-0.25;-0.27;15.247;18.85;2.58;70.498;59.594;81.361;61.955;-15.22;8.00E-06;0.117;5.788;21.611;0.403;-44.5;17345;0.05;12.25;0;-0.35;0;-0.67;0.04;0;204.76;7.62;16.73;27.08;30.24;0.56;0.52;0.52;0.65;0.5;0.43;0.52;0.43;0.26;0.3;0.3;0.4;0.48;0.56;0.49;0.51;0.7;0.4;0.4;0.52;0.42;0.3;0.31;0.39;0.39;0.5;0.3136;0.56;0.3136;0.05;0.2704;0.52;0.2704;0.05
30/11/2012;0.6;-0.03;0.25;1.24;-0.28;5.35;37798;19;-0.26;0.1;84;0.3;4.4;-0.1;-22;10;0.1;0.3;-0.99;2240.11;622;-0.665044536;0.1052;0.1447;406.39;0.4134;5403;0;0;-0.03;15.266;59.43;-2.39;78.81;68.459;91.114;70.289;22.25;0.001275;-0.127;5.645;22.381;0.076;-2834.1;17151;-0.18;4.61;0;-0.09;0;0.74;0.03;0;209.03;-1.53;4.81;44.66;70.31;0.49;0.52;0.67;0.45;0.43;0.5;0.44;0.28;0.3;0.32;0.4;0.48;0.53;0.46;0.53;0.65;0.42;0.42;0.45;0.4;0.28;0.32;0.33;0.4;0.5;0.53;0.2401;0.48;0.2304;0.04;0.2704;0.53;0.2809;0.06
31/12/2012;0.79;0.68;0.66;3.251;0.63;5.64;38645;-78;-0.12;0.1;83.6;-1.5;-1.6;-0.4;-12;-93;-0.1;0.2;1.54;2256.52;622;-15.08473626;-0.0844;-0.0696;3477.51;0.4134;6257;-0.5;0;-0.16;15.53;-43.16;1.78;64.634;60.346;83.03;61.914;-10.32;-0.001146;0.133;7.628;22.478;0.056;-831.7;19394;0.24;21.84;0;-0.26;0;0;-0.01;0;233.37;14.28;17.03;37.88;23.1;0.69;0.75;0.41;0.41;0.52;0.42;0.26;0.31;0.33;0.4;0.49;0.54;0.53;0.69;0.77;0.34;0.37;0.55;0.38;0.28;0.38;0.37;0.44;0.52;0.6;0.55;0.4761;0.67;0.4489;0.07;0.5625;0.73;0.5329;0.1
31/01/2013;0.86;0.34;0.31;1.547;0.42;5.68;37737;-686;0.19;0.2;80.7;1;-1.6;-0.3;-12;-60;-0.4;-0.2;-0.19;2423.76;622;11.97950554;-0.0601;-0.0042;-1190.59;0.4134;11380;0;0;0.05;16.292;17.76;6;94.86;75.675;114.827;76.977;-3.96;-0.001109;0.239;6.615;38.637;0.057;-2907.2;-4047;-0.26;-3.15;0;0.09;0;1.7;0.27;0;216.46;36.9;39.93;14.04;34.15;0.85;0.4;0.4;0.52;0.42;0.31;0.33;0.33;0.41;0.48;0.55;0.55;0.6;0.89;0.37;0.37;0.55;0.4;0.3;0.39;0.31;0.39;0.5;0.55;0.55;0.68;0.7225;0.84;0.7056;0.07;0.16;0.41;0.1681;0.12
28/02/2013;0.6;0.29;0.2;0.997;0.29;5.44;38311;-483;-0.48;0.4;81.8;1.1;6.3;0.8;78;117;-0.3;-0.2;-0.4;2863.73;678;37.26889191;-0.013;-0.1217;-2337.2;0.4134;4534;0;0;0.03;17.487;174.64;9.35;101.693;95.629;117.268;96.044;12.4;-0.000187;-0.481;8.593;21.411;0.015;-2167.9;-5333;-0.45;-7.6;0;0.16;0.1;5.29;-0.11;0;205.02;-36.96;-42.23;31.56;26.16;0.45;0.43;0.51;0.4;0.31;0.33;0.32;0.4;0.47;0.54;0.56;0.63;0.55;0.48;0.42;0.52;0.33;0.27;0.34;0.3;0.39;0.49;0.56;0.62;0.69;0.53;0.2025;0.45;0.2025;0.08;0.1849;0.43;0.1849;0.06
31/03/2013;0.47;0.21;0.31;1.535;0.22;5.43;37893;393;-0.64;-0.6;81.3;-2.2;-9.9;0.2;38;-13;0.838;0.4;-2.46;2253.32;678;2.23695208;0.0432;0.0097;-1072.2;0.4134;4767;0;0;0.03;13.263;-63.84;-20.92;55.138;54.039;76.324;54.799;-19.44;0.000623;0.215;5.752;21.916;0.014;4774;-5181;0.28;23.28;-0.1;0.52;0;-1.07;-0.18;0;207.72;-0.5;0.41;14.52;9.23;0.5;0.4;0.33;0.3;0.3;0.31;0.4;0.47;0.53;0.56;0.65;0.55;0.47;0.52;0.41;0.35;0.35;0.31;0.32;0.41;0.45;0.51;0.61;0.71;0.62;0.47;0.25;0.49;0.2401;0.07;0.16;0.41;0.1681;0.09
30/04/2013;0.55;0.15;-0.06;-0.264;0.18;5.5;38496;464;0.15;0;82.2;1.5;-9.9;0.1;-36;54;0.135;0.2;-0.7;2249.76;678;-7.322521828;-0.0204;0.0445;-441.72;0.4134;8226;0;0.25;0.22;14.131;-1.56;6.3;67.629;57.149;80.023;59.084;17.87;-0.000313;-0.096;6.524;22.657;0.016;-265.6;-6188;0.12;15.86;0;-0.37;0;2.41;-0.06;0;209.62;6.26;33.76;46.61;34.84;0.45;0.32;0.29;0.3;0.3;0.4;0.46;0.53;0.56;0.66;0.57;0.47;0.52;0.45;0.33;0.3;0.36;0.33;0.38;0.45;0.52;0.56;0.66;0.58;0.44;0.59;0.2025;0.44;0.1936;0.05;0.1024;0.33;0.1089;0.07
31/05/2013;0.37;0;0.32;1.628;-0.09;5.59;38670;422;-0.43;0.7;83.1;0.9;4.3;0.1;6;34;0.078;0;2.19;2243.59;678;3.41846356;0.1398;0.1472;-2404.29;0.4273;4897;0;0.5;0.49;15.681;44.16;5.44;88.936;78.943;104.308;79.528;6.41;0.001724;0.255;6.623;25.267;0.024;-1424.7;-5431;-0.19;7.68;0;-0.04;0;0.71;0.12;0;201.05;-5.52;-3.63;21.48;32.65;0.38;0.3;0.3;0.3;0.4;0.45;0.53;0.56;0.68;0.58;0.48;0.55;0.41;0.35;0.32;0.35;0.35;0.4;0.43;0.49;0.58;0.7;0.65;0.45;0.59;0.43;0.1444;0.27;0.0729;0.04;0.09;0.29;0.0841;0.06
30/06/2013;0.26;0.75;0.76;3.832;0.63;5.74;38364;-21;-0.89;-0.5;83;-0.3;0;0;-5;8;0.163;-0.3;0.43;2234.4;678;-22.12013221;0.0906;0.1186;-6048.95;0.4273;7923;0;0;0;16.654;-18.11;4.21;74.159;67.916;92.689;68.949;-6.49;0.002483;-0.102;6.346;24.379;0.032;1891.7;-3131;0.06;14.52;0;-0.59;0;-0.11;-0.04;0;214.57;5.84;27.9;46.58;41.13;0.33;0.25;0.3;0.4;0.47;0.53;0.58;0.68;0.6;0.49;0.55;0.4;0.3;0.35;0.24;0.28;0.39;0.47;0.51;0.6;0.7;0.6;0.47;0.61;0.42;0.29;0.1089;0.33;0.1089;0.04;0.0625;0.25;0.0625;0.08
31/07/2013;0.03;0.26;0.14;0.703;0.43;5.63;37643;-245;-0.25;0;82.3;3.5;1.3;0.2;30;9;-0.012;0.2;0.76;2228.48;678;-12.85538615;0.0449;0.1269;777.36;0.4551;11797;0;0.5;0.5;15.468;-25.35;-3.6;75.469;66.153;90.497;70.542;3.67;0.001143;0.038;6.015;24.081;0.018;2469.3;-5038;-0.02;12.2;0.1;-0.28;0.1;2.27;0.37;0;210.47;7.21;36.93;13.58;15;0.04;0.29;0.45;0.5;0.57;0.61;0.7;0.61;0.49;0.54;0.42;0.3;0.32;0.01;0.26;0.43;0.55;0.55;0.67;0.7;0.55;0.5;0.55;0.43;0.28;0.36;0.0016;0.06;0.0036;0.09;0.0841;0.29;0.0841;0.06
31/08/2013;0.24;0.15;0.46;2.34;0.15;6.08;37713;164;-0.31;-0.2;82.9;-3.6;-7.6;-0.4;-49;-28;0.153;0.4;-1.18;2198.79;678;-5.991747315;0.1089;0.1251;1777.26;0.4828;11771;0;0.5;0.5;15.771;71.37;1.38;85.685;72.584;97.352;75.067;17.06;0.001936;-0.149;5.939;24.669;0.022;-5083.9;-3824;0.16;21.1;-0.1;-0.43;0;1.66;0.25;0;209.61;-5.82;5.77;19.08;16.81;0.25;0.46;0.55;0.6;0.65;0.7;0.61;0.5;0.54;0.43;0.3;0.33;0.33;0.27;0.45;0.56;0.64;0.64;0.7;0.65;0.51;0.55;0.45;0.28;0.27;0.26;0.0625;0.26;0.0676;0.04;0.2116;0.47;0.2209;0.07
30/09/2013;0.35;1.5;1.36;6.89;1.05;6.19;38628;397;0.05;0;83.3;0.1;1.1;-0.3;-10;-73;-0.33;0;0.56;2250.49;678;-13.5953822;-0.1685;-0.1544;2326.44;0.52;7264;0;0;-0.01;15.908;-38.22;-0.76;73.273;64.109;89.331;66.274;1.73;-0.002256;-0.115;5.867;24.881;0.02;3602.3;-1842;0.24;22.31;-1.8999;-0.22;-0.8999;-42.0199;-5.8999;-0.0999;229.57;3.27;21.41;22.08;27.05;0.35;0.56;0.65;0.69;0.7;0.61;0.49;0.55;0.43;0.3;0.32;0.32;0.42;0.34;0.57;0.69;0.71;0.79;0.67;0.52;0.54;0.45;0.28;0.28;0.27;0.42;0.1225;0.36;0.1296;0.06;0.3136;0.57;0.3249;0.09
31/10/2013;0.57;0.86;0.63;3.231;1.11;6.28;38523;-286;-0.03;-0.4;82.9;1.3;2;0.1;22;10;-0.34;0.5;0.46;2273.96;678;21.60152863;0.0228;0.0409;1918.01;0.5;9402;0;0.5;0.61;15.829;-5.97;-0.19;72.94;61.582;86.972;63.426;-7.58;-0.001336;0.205;5.846;25.025;0.489;2600.4;-2082;0.18;22.89;1.9999;0.62;0.9999;48.7199;6.3399;0.0999;211.13;3.01;16.72;22.01;60.47;0.57;0.67;0.7;0.7;0.61;0.49;0.54;0.43;0.3;0.31;0.33;0.42;0.5;0.57;0.65;0.7;0.74;0.67;0.5;0.53;0.39;0.26;0.27;0.26;0.47;0.53;0.3249;0.57;0.3249;0.05;0.4489;0.67;0.4489;0.08
30/11/2013;0.54;0.29;0.28;1.449;0.44;6.17;39387;193;-0.24;0.3;84;-1.5;-4.5;-0.2;-36;-21;0.131;0.1;-0.88;2276.31;678;-3.113075169;0.0962;0.1325;-1773.71;0.5756;7368;0;0.5;0.45;15.764;108.44;-0.19;87.317;74.679;100.246;77.088;13.26;0.002629;-0.299;5.929;25.443;0.098;-4332.6;-354;-0.07;11.53;-0.1;0.14;0;-2.98;-0.38;0;215.55;-3.93;10.04;11.12;24.96;0.65;0.72;0.7;0.62;0.49;0.54;0.44;0.3;0.31;0.32;0.41;0.5;0.55;0.63;0.74;0.72;0.66;0.48;0.51;0.46;0.29;0.31;0.3;0.4;0.52;0.56;0.4225;0.63;0.3969;0.06;0.5184;0.72;0.5184;0.06
31/12/2013;0.92;0.6;0.69;3.586;0.44;6.11;39919;23;-1.71;-0.4;83.2;0.4;-1.5;-0.6;-53;-87;-0.243;0;1.2;2324.51;678;-12.46587269;0.0261;0.0728;-975.33;0.5508;9478;0;0;0;17.13;-47.01;0.74;108.063;100.548;126.387;103.782;-15.4;0.000328;0.248;8.021;25.674;0.064;1995.3;2286;-0.25;0.18;-0.1;-1;0;0.01;-0.05;0;249.51;17.22;37.66;20.01;14.32;0.75;0.73;0.64;0.5;0.54;0.43;0.3;0.31;0.31;0.4;0.5;0.56;0.6;0.72;0.74;0.67;0.53;0.48;0.38;0.29;0.28;0.32;0.4;0.52;0.56;0.62;0.5625;0.75;0.5625;0.07;0.5329;0.72;0.5184;0.07
31/01/2014;0.55;0.48;0.4;2.134;0.58;6;39555;-489;-0.86;-0.2;79.8;-2.8;-9.4;-0.3;-41;-29;-0.542;-0.2;-0.42;2449.7;678;-3.20700091;0.0507;0.0084;-3868.17;0.5377;14214;0;0.5;0.5;28.44;19.63;11.44;100.808;77.823;119.698;81.036;13.93;0.001576;0.604;7.363;41.743;0.098;-1475.3;-4067;0.02;13.6;0.2;-0.09;0;2.63;0.4;0;222.95;30.28;48.39;37.12;53.6;0.73;0.65;0.5;0.53;0.44;0.3;0.32;0.3;0.4;0.5;0.57;0.62;0.7;0.76;0.67;0.5;0.51;0.39;0.37;0.35;0.23;0.4;0.46;0.57;0.65;0.77;0.5329;0.7;0.49;0.08;0.4225;0.64;0.4096;0.06
28/02/2014;0.69;0.38;0.85;4.444;0.3;6.16;40211;-815;-0.09;0;80.7;1.8;3.1;0.5;72;30;-0.281;0.3;-0.28;2842;724;13.03358788;-0.0685;-0.017;-544.59;0.6321;4852;0;0.25;0.32;17.573;148.88;3.95;103.066;100.212;125.062;100.618;-2.05;-0.001536;-0.855;9.581;24.53;0.02;-6578;-6196;-0.04;10.48;-0.26;-0.36;0.02;4.24;0.67;0.04;224.67;-31.71;-15.45;3.71;-42.81;0.63;0.55;0.55;0.45;0.35;0.35;0.3;0.4;0.5;0.57;0.64;0.7;0.62;0.6;0.64;0.58;0.5;0.43;0.42;0.25;0.38;0.48;0.55;0.62;0.74;0.7;0.3969;0.64;0.4096;0.05;0.3025;0.56;0.3136;0.08
31/03/2014;0.92;1.67;1.48;7.861;1.29;6.32;41383;483;-0.19;0.6;81.3;0.3;2.5;0.3;10;70;0.441;0.7;-2.16;2359.17;724;8.767880579;-0.0724;-0.1108;3320.52;0.5;5313;0;0;-0.04;15.336;-69.04;-12.68;65.275;61.51;87.046;62.372;-9.99;-0.001634;0.3;6.273;25.318;0.016;5658;-6079;-0.11;9.52;0.16;0.53;0.08;2.3;0.23;-0.04;228.01;3.12;18.98;25.24;58.61;0.84;0.61;0.45;0.35;0.31;0.3;0.4;0.5;0.56;0.63;0.7;0.62;0.5;0.84;0.68;0.49;0.4;0.27;0.3;0.4;0.5;0.57;0.61;0.7;0.64;0.42;0.7056;0.8;0.64;0.1;0.3721;0.62;0.3844;0.08
30/04/2014;0.67;0.78;0.45;2.444;1.19;6.17;40198;121;-0.36;-1.3;80.8;-0.5;2.5;-0.1;-33;4;0.341;-0.7;-0.86;2345.91;724;9.841804487;-0.0396;-0.0328;1211.77;0.5036;4804;0;0.25;0.25;15.244;20.57;-2.36;79.989;68.597;93.831;69.044;-0.84;-0.000787;-0.272;7.531;25.029;0.021;881;-5574;0.05;13.02;-0.1;0.14;0;-2.13;-0.27;0;222.46;-6.32;11.84;23.92;36.07;0.8;0.48;0.32;0.3;0.26;0.39;0.5;0.56;0.62;0.72;0.64;0.5;0.52;0.84;0.48;0.35;0.27;0.25;0.39;0.49;0.58;0.67;0.7;0.64;0.4;0.4;0.64;0.78;0.6084;0.07;0.2304;0.48;0.2304;0.07
31/05/2014;0.46;-0.13;-0.45;-2.415;0.13;6;39428;33;-0.73;-0.1;81;-0.6;-1.4;-0.1;-11;-30;-0.103;-0.4;1.95;2330.47;724;5.653169163;0.0092;-0.0378;-387.35;0.58;2074;0;0;0;15.192;62.38;-2.43;96.035;85.151;112.366;86.087;-3.34;0.000376;0.226;7.087;26.799;0.019;-2548;-4868;-0.06;4.61;-0.1;-0.08;-0.1;-1.4;-0.22;0;214.77;-0.7;10.89;37.65;43.91;0.45;0.34;0.29;0.27;0.4;0.5;0.58;0.64;0.73;0.65;0.5;0.55;0.43;0.43;0.35;0.28;0.27;0.39;0.49;0.57;0.65;0.81;0.6;0.46;0.52;0.4;0.2025;0.45;0.2025;0.05;0.1156;0.33;0.1089;0.09
30/06/2014;0.4;-0.74;-0.63;-3.381;-0.67;5.96;38945;-243;-0.92;0.1;81.3;-1.2;-4.4;0;25;-19;-0.129;-0.4;0.04;2333.08;724;-1.331174811;-0.0272;-0.0251;1928.88;0.5861;5340;0;0;0;15.989;-44.63;5.6;68.374;63.422;90.131;64.245;-0.06;-0.000807;-0.062;6.832;26.604;0.019;1326;-2520;0.4;32.45;0.1;0.39;0;-0.48;-0.07;0;222.86;-5.54;18.96;53.78;65.62;0.35;0.25;0.29;0.4;0.5;0.57;0.64;0.74;0.65;0.5;0.56;0.43;0.3;0.33;0.25;0.3;0.4;0.52;0.57;0.64;0.67;0.61;0.53;0.54;0.49;0.37;0.1225;0.34;0.1156;0.06;0.0625;0.25;0.0625;0.08
31/07/2014;0.01;-0.61;-0.55;-2.921;-0.56;5.85;37726;-217;-0.32;-0.6;80;-1.8;-13.7;-0.1;-12;-3;0;-0.6;0.92;2287.24;724;3.967640064;0.0493;0.0011;2661.19;0.5536;6645;0;0;0;16.308;2.65;2.42;78.461;65.976;93.28;68.627;-9.58;0.000916;0.218;6.746;26.878;0.017;2762;-960;0.27;20.79;0;0.46;0;0.66;0.11;0;223.59;2.14;20.48;33.04;55.93;0.15;0.26;0.39;0.5;0.58;0.64;0.77;0.65;0.53;0.57;0.45;0.3;0.32;0.15;0.24;0.37;0.52;0.57;0.67;0.47;0.58;0.68;0.63;0.46;0.37;0.26;0.0225;0.14;0.0196;0.07;0.0676;0.26;0.0676;0.06
31/08/2014;0.25;-0.27;0.06;0.337;-0.55;6.18;37867;-129;0.2;0.8;81.7;1.4;8.2;0.1;12;6;-0.1;-0.5;-1.55;2283.17;724;-7.121136986;-0.0277;-0.094;5458.74;0.6112;7382;0;0;0.01;15.444;62.51;-6.02;88.086;74.147;101.203;76.385;12.07;-0.000105;-0.184;6.651;26.817;0.024;-4214;197;0.45;32.71;-0.1;0.2;0;-0.11;-0.1;0;231.34;-3.54;8.68;56.48;50.95;0.23;0.39;0.49;0.6;0.67;0.78;0.65;0.53;0.58;0.45;0.3;0.33;0.32;0.22;0.41;0.51;0.58;0.7;0.7;0.6;0.49;0.53;0.45;0.3;0.3;0.32;0.0529;0.22;0.0484;0.04;0.1521;0.39;0.1521;0.05
30/09/2014;0.57;0.2;0.02;0.11;0.31;6.34;38551;580;-0.22;-0.1;81.8;0.2;2.1;0.1;30;9;0.1;-0.4;1.12;2320.63;724;3.962472617;0.211;0.157;-7172.17;0.576;4122;0;0;0;15.934;-22.57;2.86;82.462;71.818;99.873;74.428;-2.59;0.004129;0.168;6.271;27.876;0.034;2353;-746;0.43;31.48;0;0.57;0.1;1.57;0.18;0;238.41;4.17;16.61;101.92;111.25;0.43;0.5;0.6;0.67;0.79;0.66;0.54;0.58;0.45;0.3;0.32;0.31;0.42;0.43;0.5;0.52;0.7;0.73;0.62;0.53;0.59;0.44;0.3;0.31;0.35;0.41;0.1849;0.43;0.1849;0.04;0.25;0.49;0.2401;0.05
31/10/2014;0.42;0.28;0.59;3.158;0.02;6.38;38798;-266;-0.63;0.3;82.3;-0.3;10.6;-0.1;-30;-8;0.1;-0.9;0.21;2330.1;724;-27.92237945;0.0309;0.011;512.62;0.5552;4938;0;0.25;0.25;16.339;-22.3;1.23;77.714;63.848;91.668;67.069;10.13;-0.000785;-0.059;6.577;27.526;0.598;-1464;-1925;1.04;69.37;0.1;-0.16;0;3.34;-0.06;0;231.03;7.5;24.17;44.55;37.28;0.5;0.57;0.66;0.82;0.68;0.55;0.58;0.45;0.3;0.32;0.33;0.44;0.5;0.49;0.58;0.68;0.75;0.65;0.59;0.6;0.45;0.29;0.1;0.34;0.4;0.53;0.25;0.5;0.25;0.04;0.3249;0.58;0.3364;0.05
30/11/2014;0.51;0.98;1.14;6.098;0.82;6.57;40100;61;-0.76;-0.6;82.6;0.2;-4.6;-0.2;-27;-14;-0.1;-0.3;-0.36;2379.04;724;-3.689899826;0.0876;0.0881;95.4;0.6171;4090;0;0;0;17.116;69.7;5.52;91.658;78.233;106.18;81.048;5.05;0.002853;-0.004;6.569;27.589;0.112;-905;-4352;0.16;17.78;0.2;0.33;0.1;6.7;0.62;0;241.63;-1.16;8.13;28.9;63.26;0.55;0.74;0.85;0.7;0.55;0.58;0.45;0.3;0.32;0.35;0.45;0.51;0.59;0.57;0.83;1;0.74;0.55;0.6;0.48;0.25;0.31;0.38;0.47;0.52;0.64;0.3025;0.59;0.3481;0.05;0.5476;0.72;0.5184;0.08
31/12/2014;0.78;0.62;0.38;2.089;0.98;6.67;40950;327;-1.48;-0.1;82;-0.6;-1.8;0.1;44;6;-0.2;-0.1;0.89;2399.03;724;-9.977490739;0.0922;0.023;-4716.59;0.5469;6224;0;0.5;0.51;17.947;-25.75;4.47;83.665;73.477;102.383;76.75;-8.48;0.001875;0.261;9.052;28.819;0.092;168;-4054;0.59;41.61;0;-0.07;0.1;1.33;0.03;0;263.53;13.53;27.04;48.86;60.36;0.7;0.97;0.72;0.55;0.59;0.45;0.3;0.31;0.34;0.45;0.5;0.58;0.65;0.75;0.96;0.7;0.55;0.61;0.5;0.27;0.35;0.36;0.49;0.52;0.64;0.71;0.49;0.75;0.5625;0.05;0.9409;0.97;0.9409;0.12
31/01/2015;1.24;0.76;0.67;3.672;0.42;7.01;39673;-773;-0.82;-0.2;78.6;-2.1;-8.8;-0.5;-55;-86;0.1;0.1;-0.64;2588.16;724;-9.79094885;0.0253;-0.1878;-3099.73;0.5856;9000;0.5;0.5;0.51;16.818;-12.03;-3.82;99.082;76.885;121.011;79.486;-4.1;0.000127;0.036;7.724;43.717;0.08;-2401;-3170;0.91;60.1;0;-0.08;0.1;6.54;0.38;0.1;238.52;25.27;43.17;37.21;-6.66;1.4;1.01;0.59;0.57;0.45;0.28;0.26;0.32;0.45;0.5;0.56;0.65;0.68;1.24;1.05;0.69;0.57;0.42;0.22;0.33;0.32;0.45;0.5;0.62;0.72;0.69;1.96;1.18;1.3924;0.11;1.0201;0.99;0.9801;0.16
28/02/2015;1.22;0.27;0.53;2.942;0.43;6.9;40660;-661;-0.24;0;79.6;0.1;-1;1;115;122;-0.5;0;-0.89;2900.84;788;21.28577878;0.1583;0.1578;4675.41;0.604;-1950;0;0;0.01;18.099;160.89;9.34;102.965;99.43;125.454;101.287;12.54;0.004206;-0.342;10.563;25.916;0.02;-625;-6010;-0.16;-3.04;-0.07;0.35;-0.06;3.23;0.35;-0.05;238.82;-29.91;-23.39;16.04;55.87;1.07;0.95;0.58;0.45;0.27;0.25;0.32;0.45;0.48;0.55;0.65;0.7;0.6;1.06;1.03;0.57;0.41;0.26;0.27;0.34;0.46;0.47;0.57;0.7;0.7;0.56;1.1449;1.05;1.1025;0.09;0.9025;0.93;0.8649;0.24
31/03/2015;1.32;0.98;1.21;6.686;0.83;6.98;40489;476;-0.57;-0.7;78.7;-1.1;-4;0.6;39;92;1;-0.6;-1.95;2349.5;788;-16.36442842;0.3555;0.2443;-432.93;0.5664;-2586;0;0.5;0.51;15.921;-56.83;-11.04;70.098;64.561;91.833;65.765;-11.03;0.007448;0.391;6.811;26.99;0.013;4994;-5549;0.96;58.63;-0.03;-0.32;0.06;1;-0.03;-0.05;240.66;-2.74;3.47;12.45;16.31;1.2;0.62;0.46;0.29;0.25;0.33;0.45;0.49;0.55;0.64;0.7;0.63;0.49;1.42;0.6;0.42;0.28;0.26;0.33;0.4;0.49;0.58;0.65;0.65;0.6;0.46;1.44;1.35;1.8225;0.17;0.3844;0.63;0.3969;0.08
30/04/2015;0.71;1.17;0.92;5.098;1.27;6.13;39827;333;-0.88;0.7;80.5;-1.1;-5;0.3;43;32;0.6;-0.9;-0.36;2289.25;788;-30.84339214;-0.1822;-0.0464;5079.22;0.5655;-7900;0.5;0.5;0.51;15.313;3.56;-4.06;82.657;70.216;97.475;71.153;31.79;-0.006286;-0.137;8.119;27.038;0.032;1414;-5059;0.97;69.25;0.1;-0.59;0.1;6.18;0.69;0.1;235.02;-3.59;-3.63;22.46;75.54;0.75;0.5;0.3;0.25;0.32;0.45;0.5;0.55;0.65;0.68;0.61;0.5;0.52;0.67;0.5;0.3;0.29;0.31;0.4;0.51;0.59;0.69;0.66;0.63;0.4;0.48;0.5625;0.7;0.49;0.07;0.25;0.5;0.25;0.07
31/05/2015;0.74;0.41;0.4;2.283;0.52;6.12;39560;-63;-0.7;-0.4;80.4;-1.4;-2.8;0.2;54;9;0.3;-1.2;2.69;2258.51;788;14.89901032;0.1642;0.1102;-3468.9;0.6318;-1982;0;0;0.02;17.076;22.71;8.6;99.224;86.849;117.559;88.122;-15.82;0.004687;0.143;7.761;30.452;0.018;-1088;-2299;-0.3;-11.23;0.1;0.83;0.1;9.54;0.98;0;239.51;-8.48;8.78;35.76;27.04;0.59;0.4;0.31;0.3;0.44;0.49;0.54;0.64;0.68;0.63;0.5;0.51;0.4;0.55;0.41;0.35;0.29;0.43;0.48;0.54;0.6;0.68;0.64;0.41;0.6;0.38;0.3481;0.55;0.3025;0.05;0.16;0.39;0.1521;0.09
30/06/2015;0.79;0.67;0.68;3.876;0.57;6.36;38196;-248;-0.86;-0.7;79.7;0.4;-1.1;0.3;40;36;0.2;-0.9;-0.65;2220.49;788;-13.50313284;-0.0757;-0.0378;320.4;0.6661;464;0;0.5;0.51;16.448;-45.55;-2.93;77.22;68.684;97.253;70.509;-14.01;-0.000772;0.031;7.605;28.32;0.021;3461;2227;0.97;59.78;-0.1;-0.04;-0.1;-5.47;-0.67;0;231.96;-1.01;15.95;69.16;79.32;0.74;0.43;0.29;0.42;0.46;0.52;0.61;0.69;0.65;0.5;0.53;0.4;0.23;0.7;0.45;0.27;0.4;0.48;0.51;0.65;0.82;0.69;0.45;0.55;0.42;0.2;0.5476;0.74;0.5476;0.13;0.1849;0.43;0.1849;0.09
31/07/2015;0.62;0.69;0.58;3.315;0.75;5.97;37170;-182;-1.4;0;79;-1;-4.9;0.2;6;47;0.3;-1;0.79;2232.61;788;6.047707519;0.3184;0.302;-2216.11;0.6675;-2211;0.5;0.5;0.49;16.413;-0.57;0.22;81.127;70.277;98.13;73.612;12.27;0.004406;0.252;6.947;27.6;0.019;820;4614;0.45;36.25;0.1;0.69;0.1;5.36;0.62;0;225.06;0.1;2.37;4.5;29.92;0.58;0.3;0.4;0.45;0.52;0.61;0.68;0.65;0.5;0.52;0.4;0.25;0.21;0.62;0.27;0.37;0.45;0.51;0.6;0.79;0.66;0.44;0.54;0.37;0.21;0.23;0.3364;0.57;0.3249;0.08;0.09;0.29;0.0841;0.07
31/08/2015;0.22;0.28;0.4;2.296;0.34;5.63;36785;-80;-1.32;-0.9;78.9;-1.8;1.8;0.6;75;83;0.2;-1;-0.78;2237.76;788;-23.63271676;0.1991;0.302;-4239.25;0.7334;1684;0;0;0;16.79;83.38;-0.91;91.037;77.181;105.634;81.572;9.55;0.004184;-0.194;7.111;27.992;0.032;-3123;7304;1.13;72.78;0;-0.25;0;-1.95;-0.18;0;231.72;-6.57;7.69;27.35;1.65;0.25;0.38;0.47;0.55;0.64;0.69;0.65;0.5;0.53;0.41;0.25;0.22;0.27;0.22;0.36;0.5;0.58;0.66;0.75;0.64;0.46;0.54;0.37;0.2;0.23;0.3;0.0625;0.26;0.0676;0.07;0.1444;0.39;0.1521;0.08
30/09/2015;0.54;0.95;1.42;8.145;0.61;6.12;37736;219;-0.62;-0.7;78.3;-1;-10;0.1;-12;25;0.6;-1.3;0.32;2239.11;788;-12.66557977;0.327;0.3545;-1566.18;0.6492;-3128;0;0;0;16.914;-44.99;-0.28;78.886;67.429;95.493;70.607;-2.52;0.010506;0.066;6.973;27.966;0.019;3090;10248;0.87;57.01;0.1;-0.49;0.1;8.18;0.86;0;228.45;-2.06;1.49;11.56;35.16;0.5;0.5;0.56;0.66;0.72;0.7;0.51;0.55;0.44;0.25;0.25;0.27;0.4;0.54;0.6;0.6;0.73;0.65;0.7;0.59;0.59;0.51;0.22;0.28;0.34;0.47;0.25;0.49;0.2401;0.06;0.25;0.51;0.2601;0.07
31/10/2015;0.82;1.89;1.76;10.211;1.88;6.72;37701;-252;-1.02;-0.4;78.2;-1.8;-7.4;0;18;-23;0.1;-0.9;0.37;2225.19;788;-18.02948326;-0.0917;-0.1761;809.48;0.6915;-1069;0.5;0;0.01;17.532;-1.09;4.21;82.496;68.163;95.712;71.14;5.91;-0.005043;-0.19;6.907;27.308;0.725;-460;12244;1.24;77.31;0.07;-0.4;0.12;7.21;0.82;0;239.62;-2.79;2.79;20.7;4.17;0.78;0.6;0.7;0.75;0.72;0.54;0.59;0.45;0.28;0.27;0.3;0.41;0.5;0.81;0.63;0.71;0.73;0.68;0.5;0.61;0.46;0.26;0.26;0.3;0.4;0.45;0.6084;0.77;0.5929;0.07;0.36;0.6;0.36;0.08
30/11/2015;1.01;1.52;1.19;7.074;1.64;7.26;39151;46;-1.18;-0.1;79.1;-0.6;-3.1;0.3;46;15;0;-0.9;-0.58;2217.97;788;4.747433778;0.0116;-0.1508;-748.46;0.73;798;0;0;0;16.915;89.31;-2.84;86.796;76.893;103.317;78.721;-2.74;-0.002331;0.157;6.874;26.041;0.136;-1100;13441;0.34;29.41;0.17;0.9;0.16;9.69;0.97;0.01;242.85;2.97;14.4;74.91;62.15;0.89;0.85;0.83;0.78;0.58;0.62;0.48;0.3;0.3;0.31;0.45;0.5;0.55;0.92;1.03;0.9;0.72;0.56;0.61;0.42;0.34;0.28;0.35;0.44;0.51;0.52;0.7921;0.86;0.7396;0.12;0.7225;0.86;0.7396;0.17
31/12/2015;0.96;0.49;0.44;2.663;0.81;7.18;39128;-180;-0.89;-0.4;78.3;-2.4;1.3;-0.4;-57;-23;0.3;-0.8;0.81;2200.78;788;-0.612986083;0.0934;0.2123;-1770.4;0.6232;2776;0;0;0;17.2;-40.45;2.64;74.354;66.003;92.232;69.705;-17.27;0.003226;-0.011;8.29;25.953;0.098;1235;19681;0.56;43.06;-0.08;0.85;-0.05;-2.59;-0.35;0;255.29;12.63;33.25;35.48;49.81;1;0.85;0.8;0.59;0.66;0.5;0.32;0.3;0.32;0.45;0.53;0.59;0.66;1.03;0.85;0.75;0.58;0.75;0.45;0.35;0.25;0.32;0.45;0.5;0.55;0.62;1;0.99;0.9801;0.12;0.7225;0.85;0.7225;0.11
