Date;Price;;;;;;;;
5/4/2017;18.82;;;;;;;;
6/4/2017;18.7405;;;;;;;;
7/4/2017;18.6688;;;;;;;;
10/4/2017;18.6787;;;;;;;;
11/4/2017;18.7813;;;;;;;;
12/4/2017;18.5513;;;;;;;;
13/4/2017;18.5885;;;;;;;;
14/4/2017;18.5038;;;;;;;;
17/4/2017;18.498;;;;;;;;
18/4/2017;18.594;;;;;;;;
19/4/2017;18.849;;;;;;;;
20/4/2017;18.788;;;;;;;;
21/4/2017;18.8125;;;;;;;;
24/4/2017;18.733;;;;;;;;
25/4/2017;18.8555;;;;;;;;
26/4/2017;19.183;;;;;;;;
27/4/2017;19.0257;;;;;;;;
28/4/2017;18.82;;;;;;;;
1/5/2017;18.7386;;;;;;;;
2/5/2017;18.7593;;;;;;;;
3/5/2017;18.866;;;;;;;;
4/5/2017;19.053;;;;;;;;
5/5/2017;18.9995;;;;;;;;
8/5/2017;19.211;;;;;;;;
9/5/2017;19.1715;;;;;;;;
10/5/2017;19.014;;;;;;;;
11/5/2017;18.832;;;;;;;;
12/5/2017;18.8157;;;;;;;;
15/5/2017;18.6995;;;;;;;;
16/5/2017;18.6425;;;;;;;;
17/5/2017;18.7812;;;;;;;;
18/5/2017;18.829;;;;;;;;
19/5/2017;18.7052;;;;;;;;
22/5/2017;18.6646;;;;;;;;
23/5/2017;18.634;;;;;;;;
24/5/2017;18.443;;;;;;;;
25/5/2017;18.506;;;;;;;;
26/5/2017;18.518;;;;;;;;
29/5/2017;18.4772;;;;;;;;
30/5/2017;18.7083;;;;;;;;
31/5/2017;18.6212;;;;;;;;
1/6/2017;18.6392;;;;;;;;
2/6/2017;18.685;;;;;;;;
5/6/2017;18.343;;;;;;;;
6/6/2017;18.236;;;;;;;;
7/6/2017;18.2267;;;;;;;;
8/6/2017;18.201;;;;;;;;
9/6/2017;18.172;;;;;;;;
12/6/2017;18.1362;;;;;;;;
13/6/2017;18.055;;;;;;;;
14/6/2017;17.9205;;;;;;;;
15/6/2017;18.048;;;;;;;;
16/6/2017;17.9115;;;;;;;;
19/6/2017;17.9575;;;;;;;;
20/6/2017;18.1895;;;;;;;;
21/6/2017;18.2342;;;;;;;;
22/6/2017;18.1115;;;;;;;;
23/6/2017;17.9996;;;;;;;;
26/6/2017;17.872;;;;;;;;
27/6/2017;17.991;;;;;;;;
28/6/2017;17.8525;;;;;;;;
29/6/2017;18.045;;;;;;;;
30/6/2017;18.1278;;;;;;;;
3/7/2017;18.2205;;;;;;;;
4/7/2017;18.202;;;;;;;;
5/7/2017;18.3025;;;;;;;;
6/7/2017;18.2605;;;;;;;;
7/7/2017;18.0875;;;;;;;;
10/7/2017;17.9556;;;;;;;;
11/7/2017;17.907;;;;;;;;
12/7/2017;17.7803;;;;;;;;
13/7/2017;17.678;;;;;;;;
14/7/2017;17.563;;;;;;;;
17/7/2017;17.587;;;;;;;;
18/7/2017;17.4794;;;;;;;;
19/7/2017;17.5475;;;;;;;;
20/7/2017;17.486;;;;;;;;
21/7/2017;17.6597;;;;;;;;
24/7/2017;17.73;;;;;;;;
25/7/2017;17.777;;;;;;;;
26/7/2017;17.59;;;;;;;;
27/7/2017;17.7251;;;;;;;;
28/7/2017;17.7805;;;;;;;;
31/7/2017;17.8013;;;;;;;;
1/8/2017;17.89;;;;;;;;
2/8/2017;17.8178;;;;;;;;
3/8/2017;17.845;;;;;;;;
4/8/2017;17.8875;;;;;;;;
7/8/2017;17.9271;;;;;;;;
8/8/2017;17.8526;;;;;;;;
9/8/2017;17.9485;;;;;;;;
10/8/2017;17.9727;;;;;;;;
11/8/2017;17.8275;;;;;;;;
14/8/2017;17.772;;;;;;;;
15/8/2017;17.8065;;;;;;;;
16/8/2017;17.6646;;;;;;;;
17/8/2017;17.8475;;;;;;;;
18/8/2017;17.7107;;;;;;;;
21/8/2017;17.6552;;;;;;;;
22/8/2017;17.6602;;;;;;;;
23/8/2017;17.687;;;;;;;;
24/8/2017;17.728;;;;;;;;
25/8/2017;17.616;;;;;;;;
28/8/2017;17.875;;;;;;;;
29/8/2017;17.84;;;;;;;;
30/8/2017;17.715;;;;;;;;
31/8/2017;17.887;;;;;;;;
1/9/2017;17.816;;;;;;;;
4/9/2017;17.873;;;;;;;;
5/9/2017;17.9015;;;;;;;;
6/9/2017;17.7915;;;;;;;;
7/9/2017;17.6725;;;;;;;;
8/9/2017;17.71;;;;;;;;
11/9/2017;17.6675;;;;;;;;
12/9/2017;17.73;;;;;;;;
13/9/2017;17.7493;;;;;;;;
14/9/2017;17.6661;;;;;;;;
15/9/2017;17.662;;;;;;;;
18/9/2017;17.7645;;;;;;;;
19/9/2017;17.7995;;;;;;;;
20/9/2017;17.7673;;;;;;;;
21/9/2017;17.882;;;;;;;;
22/9/2017;17.748;;;;;;;;
25/9/2017;17.9295;;;;;;;;
26/9/2017;17.9565;;;;;;;;
27/9/2017;18.209;;;;;;;;
28/9/2017;18.1625;;;;;;;;
29/9/2017;18.255;;;;;;;;
2/10/2017;18.2314;;;;;;;;
3/10/2017;18.217;;;;;;;;
4/10/2017;18.268;;;;;;;;
5/10/2017;18.4945;;;;;;;;
6/10/2017;18.5533;;;;;;;;
9/10/2017;18.673;;;;;;;;
10/10/2017;18.8295;;;;;;;;
11/10/2017;18.7095;;;;;;;;
12/10/2017;18.9075;;;;;;;;
13/10/2017;18.915;;;;;;;;
16/10/2017;19.035;;;;;;;;
17/10/2017;18.771;;;;;;;;
18/10/2017;18.862;;;;;;;;
19/10/2017;18.808;;;;;;;;
20/10/2017;18.99;;;;;;;;
23/10/2017;19.079;;;;;;;;
24/10/2017;19.2325;;;;;;;;
25/10/2017;19.0405;;;;;;;;
26/10/2017;19.206;;;;;;;;
27/10/2017;19.135;;;;;;;;
30/10/2017;19.2405;;;;;;;;
31/10/2017;19.149;;;;;;;;
1/11/2017;19.068;;;;;;;;
2/11/2017;18.9849;;;;;;;;
3/11/2017;19.2025;;;;;;;;
6/11/2017;19.0235;;;;;;;;
7/11/2017;19.1553;;;;;;;;
8/11/2017;19.09;;;;;;;;
9/11/2017;19.0395;;;;;;;;
10/11/2017;19.1125;;;;;;;;
13/11/2017;19.1295;;;;;;;;
14/11/2017;19.1675;;;;;;;;
15/11/2017;19.251;;;;;;;;
16/11/2017;19.059;;;;;;;;
17/11/2017;18.914;;;;;;;;
20/11/2017;18.9937;;;;;;;;
21/11/2017;18.7745;;;;;;;;
22/11/2017;18.642;;;;;;;;
23/11/2017;18.6215;;;;;;;;
24/11/2017;18.575;;;;;;;;
27/11/2017;18.5848;;;;;;;;
28/11/2017;18.543;;;;;;;;
29/11/2017;18.567;;;;;;;;
30/11/2017;18.631;;;;;;;;
1/12/2017;18.6259;;;;;;;;
4/12/2017;18.6115;;;;;;;;
5/12/2017;18.7575;;;;;;;;
6/12/2017;18.866;;;;;;;;
7/12/2017;18.972;;;;;;;;
8/12/2017;18.933;;;;;;;;
11/12/2017;19.058;;;;;;;;
12/12/2017;19.173;;;;;;;;
13/12/2017;19.0128;;;;;;;;
14/12/2017;19.1535;;;;;;;;
15/12/2017;19.1315;;;;;;;;
18/12/2017;19.082;;;;;;;;
19/12/2017;19.2085;;;;;;;;
20/12/2017;19.2065;;;;;;;;
21/12/2017;19.466;;;;;;;;
22/12/2017;19.732;;;;;;;;
25/12/2017;19.7401;;;;;;;;
26/12/2017;19.867;;;;;;;;
27/12/2017;19.69;;;;;;;;
28/12/2017;19.7163;;;;;;;;
29/12/2017;19.653;;;;;;;;
1/1/2018;19.66;;;;;;;;
2/1/2018;19.5413;;;;;;;;
3/1/2018;19.351;;;;;;;;
4/1/2018;19.2895;;;;;;;;
5/1/2018;19.181;;;;;;;;
8/1/2018;19.225;;;;;;;;
9/1/2018;19.2387;;;;;;;;
10/1/2018;19.291;;;;;;;;
11/1/2018;19.2705;;;;;;;;
12/1/2018;19.04;;;;;;;;
15/1/2018;18.8555;;;;;;;;
16/1/2018;18.7705;;;;;;;;
17/1/2018;18.7147;;;;;;;;
18/1/2018;18.607;;;;;;;;
19/1/2018;18.613;;;;;;;;
22/1/2018;18.6842;;;;;;;;
23/1/2018;18.694;;;;;;;;
24/1/2018;18.5005;;;;;;;;
25/1/2018;18.605;;;;;;;;
26/1/2018;18.4844;;;;;;;;
29/1/2018;18.612;;;;;;;;
30/1/2018;18.771;;;;;;;;
31/1/2018;18.6;;;;;;;;
1/2/2018;18.349;;;;;;;;
2/2/2018;18.5983;;;;;;;;
5/2/2018;18.779;;;;;;;;
6/2/2018;18.604;;;;;;;;
7/2/2018;18.798;;;;;;;;
8/2/2018;18.896;;;;;;;;
9/2/2018;18.71;;;;;;;;
12/2/2018;18.603;;;;;;;;
13/2/2018;18.6635;;;;;;;;
14/2/2018;18.587;;;;;;;;
15/2/2018;18.5012;;;;;;;;
16/2/2018;18.519;;;;;;;;
19/2/2018;18.534;;;;;;;;
20/2/2018;18.7072;;;;;;;;
21/2/2018;18.8375;;;;;;;;
22/2/2018;18.611;;;;;;;;
23/2/2018;18.535;;;;;;;;
26/2/2018;18.6785;;;;;;;;
27/2/2018;18.8447;;;;;;;;
28/2/2018;18.8403;;;;;;;;
1/3/2018;18.8403;;;;;;;;
2/3/2018;18.8;;;;;;;;
5/3/2018;18.7962;;;;;;;;
6/3/2018;18.7387;;;;;;;;
7/3/2018;18.714;;;;;;;;
8/3/2018;18.6605;;;;;;;;
9/3/2018;18.608;;;;;;;;
12/3/2018;18.5877;;;;;;;;
13/3/2018;18.6062;;;;;;;;
14/3/2018;18.5845;;;;;;;;
15/3/2018;18.6999;;;;;;;;
16/3/2018;18.6898;;;;;;;;
19/3/2018;18.7069;;;;;;;;
20/3/2018;18.7673;;;;;;;;
21/3/2018;18.4365;;;;;;;;
22/3/2018;18.6344;;;;;;;;
23/3/2018;18.5187;;;;;;;;
26/3/2018;18.3371;;;;;;;;
27/3/2018;18.381;;;;;;;;
28/3/2018;18.304;;;;;;;;
29/3/2018;18.187;;;;;;;;
30/3/2018;18.16;;;;;;;;
2/4/2018;18.2475;;;;;;;;
3/4/2018;18.2181;;;;;;;;
4/4/2018;18.1;;;;;;;;
5/4/2018;18.2057;;;;;;;;
6/4/2018;18.2892;;;;;;;;
9/4/2018;18.3514;;;;;;;;
10/4/2018;18.2665;;;;;;;;
11/4/2018;18.2294;;;;;;;;
12/4/2018;18.189;;;;;;;;
13/4/2018;18.0452;;;;;;;;
16/4/2018;18.012;;;;;;;;
17/4/2018;18.048;;;;;;;;
18/4/2018;18.09;;;;;;;;
19/4/2018;18.4435;;;;;;;;
20/4/2018;18.528;;;;;;;;
23/4/2018;18.944;;;;;;;;
24/4/2018;18.8195;;;;;;;;
25/4/2018;18.8475;;;;;;;;
26/4/2018;18.815;;;;;;;;
27/4/2018;18.618;;;;;;;;
30/4/2018;18.7135;;;;;;;;
1/5/2018;18.9505;;;;;;;;
2/5/2018;19.089;;;;;;;;
3/5/2018;19.0625;;;;;;;;
4/5/2018;19.2683;;;;;;;;
7/5/2018;19.466;;;;;;;;
8/5/2018;19.5695;;;;;;;;
9/5/2018;19.5715;;;;;;;;
10/5/2018;19.2255;;;;;;;;
11/5/2018;19.425;;;;;;;;
14/5/2018;19.6241;;;;;;;;
15/5/2018;19.695;;;;;;;;
16/5/2018;19.5723;;;;;;;;
17/5/2018;19.7368;;;;;;;;
18/5/2018;19.954;;;;;;;;
21/5/2018;19.819;;;;;;;;
22/5/2018;19.7735;;;;;;;;
23/5/2018;19.6325;;;;;;;;
24/5/2018;19.573;;;;;;;;
25/5/2018;19.5477;;;;;;;;
28/5/2018;19.5955;;;;;;;;
29/5/2018;19.836;;;;;;;;
30/5/2018;19.727;;;;;;;;
31/5/2018;19.9135;;;;;;;;
1/6/2018;19.9427;;;;;;;;
4/6/2018;20.077;;;;;;;;
5/6/2018;20.4605;;;;;;;;
6/6/2018;20.3012;;;;;;;;
7/6/2018;20.4785;;;;;;;;
8/6/2018;20.2895;;;;;;;;
11/6/2018;20.593;;;;;;;;
12/6/2018;20.7161;;;;;;;;
13/6/2018;20.6425;;;;;;;;
14/6/2018;20.8905;;;;;;;;
15/6/2018;20.6295;;;;;;;;
18/6/2018;20.509;;;;;;;;
19/6/2018;20.5255;;;;;;;;
20/6/2018;20.36;;;;;;;;
21/6/2018;20.326;;;;;;;;
22/6/2018;20.015;;;;;;;;
25/6/2018;19.8947;;;;;;;;
26/6/2018;19.9533;;;;;;;;
27/6/2018;20.1794;;;;;;;;
28/6/2018;19.718;;;;;;;;
29/6/2018;19.9175;;;;;;;;
2/7/2018;19.953;;;;;;;;
3/7/2018;19.4565;;;;;;;;
4/7/2018;19.4495;;;;;;;;
5/7/2018;19.215;;;;;;;;
6/7/2018;19.0278;;;;;;;;
9/7/2018;19.22;;;;;;;;
10/7/2018;18.9271;;;;;;;;
11/7/2018;19.083;;;;;;;;
12/7/2018;18.9795;;;;;;;;
13/7/2018;18.891;;;;;;;;
16/7/2018;18.82;;;;;;;;
17/7/2018;18.8893;;;;;;;;
18/7/2018;18.8965;;;;;;;;
19/7/2018;19.0535;;;;;;;;
20/7/2018;19.024;;;;;;;;
23/7/2018;18.882;;;;;;;;
24/7/2018;18.8805;;;;;;;;
25/7/2018;18.6676;;;;;;;;
26/7/2018;18.6259;;;;;;;;
27/7/2018;18.6283;;;;;;;;
30/7/2018;18.5395;;;;;;;;
31/7/2018;18.648;;;;;;;;
1/8/2018;18.588;;;;;;;;
2/8/2018;18.6505;;;;;;;;
3/8/2018;18.554;;;;;;;;
6/8/2018;18.519;;;;;;;;
7/8/2018;18.4571;;;;;;;;
8/8/2018;18.4711;;;;;;;;
9/8/2018;18.6928;;;;;;;;
10/8/2018;18.91;;;;;;;;
13/8/2018;19.12;;;;;;;;
14/8/2018;18.8826;;;;;;;;
15/8/2018;19.1373;;;;;;;;
16/8/2018;18.982;;;;;;;;
17/8/2018;18.8935;;;;;;;;
20/8/2018;19.005;;;;;;;;
21/8/2018;18.9562;;;;;;;;
22/8/2018;18.7287;;;;;;;;
23/8/2018;19.009;;;;;;;;
24/8/2018;18.9115;;;;;;;;
27/8/2018;18.7655;;;;;;;;
28/8/2018;19.0822;;;;;;;;
29/8/2018;18.9554;;;;;;;;
30/8/2018;19.1135;;;;;;;;
31/8/2018;19.085;;;;;;;;
3/9/2018;19.1927;;;;;;;;
4/9/2018;19.4035;;;;;;;;
5/9/2018;19.3427;;;;;;;;
6/9/2018;19.183;;;;;;;;
7/9/2018;19.324;;;;;;;;
10/9/2018;19.2715;;;;;;;;
11/9/2018;19.187;;;;;;;;
12/9/2018;19.0177;;;;;;;;
13/9/2018;18.8335;;;;;;;;
14/9/2018;18.8882;;;;;;;;
17/9/2018;18.838;;;;;;;;
18/9/2018;18.8068;;;;;;;;
19/9/2018;18.776;;;;;;;;
20/9/2018;18.828;;;;;;;;
21/9/2018;18.8315;;;;;;;;
24/9/2018;18.9685;;;;;;;;
25/9/2018;18.992;;;;;;;;
26/9/2018;18.843;;;;;;;;
27/9/2018;18.7843;;;;;;;;
28/9/2018;18.7184;;;;;;;;
1/10/2018;18.7076;;;;;;;;
2/10/2018;18.794;;;;;;;;
3/10/2018;19.044;;;;;;;;
4/10/2018;19.097;;;;;;;;
5/10/2018;18.818;;;;;;;;
8/10/2018;18.938;;;;;;;;
9/10/2018;19.038;;;;;;;;
10/10/2018;19.1556;;;;;;;;
11/10/2018;18.979;;;;;;;;
12/10/2018;18.8515;;;;;;;;
15/10/2018;18.833;;;;;;;;
16/10/2018;18.7515;;;;;;;;
17/10/2018;18.87;;;;;;;;
18/10/2018;19.149;;;;;;;;
19/10/2018;19.257;;;;;;;;
22/10/2018;19.408;;;;;;;;
23/10/2018;19.297;;;;;;;;
24/10/2018;19.6001;;;;;;;;
25/10/2018;19.489;;;;;;;;
26/10/2018;19.354;;;;;;;;
29/10/2018;20.055;;;;;;;;
30/10/2018;20.0419;;;;;;;;
31/10/2018;20.3295;;;;;;;;
1/11/2018;20.148;;;;;;;;
2/11/2018;20.024;;;;;;;;
5/11/2018;19.8825;;;;;;;;
6/11/2018;19.724;;;;;;;;
7/11/2018;19.864;;;;;;;;
8/11/2018;20.1958;;;;;;;;
9/11/2018;20.1384;;;;;;;;
12/11/2018;20.361;;;;;;;;
13/11/2018;20.486;;;;;;;;
14/11/2018;20.405;;;;;;;;
15/11/2018;20.224;;;;;;;;
16/11/2018;20.141;;;;;;;;
19/11/2018;20.371;;;;;;;;
20/11/2018;20.349;;;;;;;;
21/11/2018;20.241;;;;;;;;
22/11/2018;20.3075;;;;;;;;
23/11/2018;20.4;;;;;;;;
26/11/2018;20.616;;;;;;;;
27/11/2018;20.47;;;;;;;;
28/11/2018;20.2913;;;;;;;;
29/11/2018;20.23;;;;;;;;
30/11/2018;20.396;;;;;;;;
3/12/2018;20.353;;;;;;;;
4/12/2018;20.507;;;;;;;;
5/12/2018;20.495;;;;;;;;
6/12/2018;20.347;;;;;;;;
7/12/2018;20.2575;;;;;;;;
10/12/2018;20.3;;;;;;;;
11/12/2018;20.2;;;;;;;;
12/12/2018;20.072;;;;;;;;
13/12/2018;20.315;;;;;;;;
14/12/2018;20.233;;;;;;;;
17/12/2018;20.07;;;;;;;;
18/12/2018;20.072;;;;;;;;
19/12/2018;20.108;;;;;;;;
20/12/2018;19.875;;;;;;;;
21/12/2018;19.94;;;;;;;;
24/12/2018;19.8675;;;;;;;;
25/12/2018;19.9117;;;;;;;;
26/12/2018;19.9;;;;;;;;
27/12/2018;19.668;;;;;;;;
28/12/2018;19.651;;;;;;;;
31/12/2018;19.6403;;;;;;;;
1/1/2019;19.643;;;;;;;;
2/1/2019;19.5625;;;;;;;;
3/1/2019;19.622;;;;;;;;
4/1/2019;19.42;;;;;;;;
7/1/2019;19.3544;;;;;;;;
8/1/2019;19.358;;;;;;;;
9/1/2019;19.224;;;;;;;;
10/1/2019;19.1231;;;;;;;;
11/1/2019;19.131;;;;;;;;
14/1/2019;18.975;;;;;;;;
15/1/2019;18.9885;;;;;;;;
16/1/2019;18.887;;;;;;;;
17/1/2019;19.0106;;;;;;;;
18/1/2019;19.0775;;;;;;;;
21/1/2019;19.159;;;;;;;;
22/1/2019;19.1682;;;;;;;;
23/1/2019;19.0224;;;;;;;;
24/1/2019;19.018;;;;;;;;
25/1/2019;18.9797;;;;;;;;
28/1/2019;19.038;;;;;;;;
29/1/2019;18.986;;;;;;;;
30/1/2019;19.123;;;;;;;;
31/1/2019;19.1058;;;;;;;;
1/2/2019;19.094;;;;;;;;
4/2/2019;19.1044;;;;;;;;
5/2/2019;19.0288;;;;;;;;
6/2/2019;19.102;;;;;;;;
7/2/2019;19.09;;;;;;;;
8/2/2019;19.0703;;;;;;;;
11/2/2019;19.2987;;;;;;;;
12/2/2019;19.2506;;;;;;;;
13/2/2019;19.427;;;;;;;;
14/2/2019;19.256;;;;;;;;
15/2/2019;19.2352;;;;;;;;
18/2/2019;19.2385;;;;;;;;
19/2/2019;19.139;;;;;;;;
20/2/2019;19.214;;;;;;;;
21/2/2019;19.285;;;;;;;;
22/2/2019;19.1365;;;;;;;;
25/2/2019;19.126;;;;;;;;
26/2/2019;19.166;;;;;;;;
27/2/2019;19.1622;;;;;;;;
28/2/2019;19.2775;;;;;;;;
1/3/2019;19.2574;;;;;;;;
4/3/2019;19.29;;;;;;;;
5/3/2019;19.247;;;;;;;;
6/3/2019;19.36;;;;;;;;
7/3/2019;19.5501;;;;;;;;
8/3/2019;19.4933;;;;;;;;
11/3/2019;19.3945;;;;;;;;
12/3/2019;19.3492;;;;;;;;
13/3/2019;19.2783;;;;;;;;
14/3/2019;19.318;;;;;;;;
15/3/2019;19.1996;;;;;;;;
18/3/2019;19.05;;;;;;;;
19/3/2019;19.0136;;;;;;;;
20/3/2019;18.8282;;;;;;;;
21/3/2019;18.8616;;;;;;;;
22/3/2019;19.0855;;;;;;;;
25/3/2019;19.0125;;;;;;;;
26/3/2019;19.103;;;;;;;;
27/3/2019;19.355;;;;;;;;
28/3/2019;19.335;;;;;;;;
29/3/2019;19.4215;;;;;;;;
1/4/2019;19.138;;;;;;;;
2/4/2019;19.2275;;;;;;;;
3/4/2019;19.21;;;;;;;;
4/4/2019;19.1469;;;;;;;;
5/4/2019;19.0733;;;;;;;;
8/4/2019;18.96;;;;;;;;
9/4/2019;18.9307;;;;;;;;
10/4/2019;18.81;;;;;;;;
11/4/2019;18.826;;;;;;;;
12/4/2019;18.7508;;;;;;;;
15/4/2019;18.8505;;;;;;;;
16/4/2019;18.871;;;;;;;;
17/4/2019;18.8273;;;;;;;;
18/4/2019;18.7975;;;;;;;;
19/4/2019;18.7596;;;;;;;;
22/4/2019;18.8253;;;;;;;;
23/4/2019;18.9042;;;;;;;;
24/4/2019;19.0678;;;;;;;;
25/4/2019;19.015;;;;;;;;
26/4/2019;18.9318;;;;;;;;
29/4/2019;19.0135;;;;;;;;
30/4/2019;18.9402;;;;;;;;
1/5/2019;18.9938;;;;;;;;
2/5/2019;19.1145;;;;;;;;
3/5/2019;18.9155;;;;;;;;
6/5/2019;18.9805;;;;;;;;
7/5/2019;19.032;;;;;;;;
8/5/2019;19.081;;;;;;;;
9/5/2019;19.2264;;;;;;;;
10/5/2019;19.0954;;;;;;;;
13/5/2019;19.224;;;;;;;;
14/5/2019;19.1505;;;;;;;;
15/5/2019;19.0472;;;;;;;;
16/5/2019;19.1209;;;;;;;;
17/5/2019;19.1631;;;;;;;;
20/5/2019;19.06;;;;;;;;
21/5/2019;19.0047;;;;;;;;
22/5/2019;18.9868;;;;;;;;
23/5/2019;19.037;;;;;;;;
24/5/2019;19.0416;;;;;;;;
27/5/2019;19.0531;;;;;;;;
28/5/2019;19.1924;;;;;;;;
29/5/2019;19.1273;;;;;;;;
30/5/2019;19.135;;;;;;;;
31/5/2019;19.612;;;;;;;;
3/6/2019;19.7705;;;;;;;;
4/6/2019;19.5598;;;;;;;;
5/6/2019;19.574;;;;;;;;
6/6/2019;19.6844;;;;;;;;
7/6/2019;19.6105;;;;;;;;
10/6/2019;19.2166;;;;;;;;
11/6/2019;19.125;;;;;;;;
12/6/2019;19.166;;;;;;;;
13/6/2019;19.188;;;;;;;;
14/6/2019;19.15;;;;;;;;
17/6/2019;19.1771;;;;;;;;
18/6/2019;19.1186;;;;;;;;
19/6/2019;19.0175;;;;;;;;
20/6/2019;18.995;;;;;;;;
21/6/2019;19.1191;;;;;;;;
24/6/2019;19.1925;;;;;;;;
25/6/2019;19.2195;;;;;;;;
26/6/2019;19.1268;;;;;;;;
27/6/2019;19.1779;;;;;;;;
28/6/2019;19.2162;;;;;;;;
1/7/2019;19.1153;;;;;;;;
2/7/2019;19.0508;;;;;;;;
3/7/2019;19.0105;;;;;;;;
4/7/2019;18.998;;;;;;;;
5/7/2019;19.008;;;;;;;;
8/7/2019;18.9138;;;;;;;;
9/7/2019;19.1545;;;;;;;;
10/7/2019;19.13;;;;;;;;
11/7/2019;19.0696;;;;;;;;
12/7/2019;18.9794;;;;;;;;
15/7/2019;18.9706;;;;;;;;
16/7/2019;19.086;;;;;;;;
17/7/2019;19.0624;;;;;;;;
18/7/2019;18.9445;;;;;;;;
19/7/2019;19.0229;;;;;;;;
22/7/2019;19.0511;;;;;;;;
23/7/2019;19.1724;;;;;;;;
24/7/2019;19.05;;;;;;;;
25/7/2019;19.015;;;;;;;;
26/7/2019;19.035;;;;;;;;
29/7/2019;19.0536;;;;;;;;
30/7/2019;19.063;;;;;;;;
31/7/2019;19.1265;;;;;;;;
1/8/2019;19.2323;;;;;;;;
2/8/2019;19.299;;;;;;;;
5/8/2019;19.609;;;;;;;;
6/8/2019;19.5739;;;;;;;;
7/8/2019;19.6215;;;;;;;;
8/8/2019;19.404;;;;;;;;
9/8/2019;19.401;;;;;;;;
12/8/2019;19.6059;;;;;;;;
13/8/2019;19.3698;;;;;;;;
14/8/2019;19.6747;;;;;;;;
15/8/2019;19.602;;;;;;;;
16/8/2019;19.6502;;;;;;;;
19/8/2019;19.8542;;;;;;;;
20/8/2019;19.7612;;;;;;;;
21/8/2019;19.6875;;;;;;;;
22/8/2019;19.8176;;;;;;;;
23/8/2019;19.9129;;;;;;;;
26/8/2019;19.9328;;;;;;;;
27/8/2019;19.978;;;;;;;;
28/8/2019;20.0967;;;;;;;;
29/8/2019;20.132;;;;;;;;
30/8/2019;20.0575;;;;;;;;
2/9/2019;20.1405;;;;;;;;
3/9/2019;19.9727;;;;;;;;
4/9/2019;19.7136;;;;;;;;
5/9/2019;19.7367;;;;;;;;
6/9/2019;19.5293;;;;;;;;
9/9/2019;19.5605;;;;;;;;
10/9/2019;19.49;;;;;;;;
11/9/2019;19.503;;;;;;;;
12/9/2019;19.4295;;;;;;;;
13/9/2019;19.3983;;;;;;;;
16/9/2019;19.44;;;;;;;;
17/9/2019;19.3622;;;;;;;;
18/9/2019;19.397;;;;;;;;
19/9/2019;19.4507;;;;;;;;
20/9/2019;19.4468;;;;;;;;
23/9/2019;19.468;;;;;;;;
24/9/2019;19.4393;;;;;;;;
25/9/2019;19.5636;;;;;;;;
26/9/2019;19.665;;;;;;;;
27/9/2019;19.6867;;;;;;;;
30/9/2019;19.7275;;;;;;;;
1/10/2019;19.815;;;;;;;;
2/10/2019;19.7932;;;;;;;;
3/10/2019;19.645;;;;;;;;
4/10/2019;19.5102;;;;;;;;
7/10/2019;19.566;;;;;;;;
8/10/2019;19.626;;;;;;;;
9/10/2019;19.5625;;;;;;;;
10/10/2019;19.4405;;;;;;;;
11/10/2019;19.317;;;;;;;;
14/10/2019;19.2665;;;;;;;;
15/10/2019;19.24;;;;;;;;
16/10/2019;19.2015;;;;;;;;
17/10/2019;19.193;;;;;;;;
18/10/2019;19.1007;;;;;;;;
21/10/2019;19.1147;;;;;;;;
22/10/2019;19.1419;;;;;;;;
23/10/2019;19.108;;;;;;;;
24/10/2019;19.127;;;;;;;;
25/10/2019;19.053;;;;;;;;
28/10/2019;19.119;;;;;;;;
29/10/2019;19.115;;;;;;;;
30/10/2019;19.0806;;;;;;;;
31/10/2019;19.228;;;;;;;;
1/11/2019;19.1042;;;;;;;;
4/11/2019;19.173;;;;;;;;
5/11/2019;19.2;;;;;;;;
6/11/2019;19.141;;;;;;;;
7/11/2019;19.132;;;;;;;;
8/11/2019;19.0971;;;;;;;;
11/11/2019;19.107;;;;;;;;
12/11/2019;19.3068;;;;;;;;
13/11/2019;19.3499;;;;;;;;
14/11/2019;19.3125;;;;;;;;
15/11/2019;19.1758;;;;;;;;
18/11/2019;19.3116;;;;;;;;
19/11/2019;19.336;;;;;;;;
20/11/2019;19.457;;;;;;;;
21/11/2019;19.3808;;;;;;;;
22/11/2019;19.3721;;;;;;;;
25/11/2019;19.4381;;;;;;;;
26/11/2019;19.5152;;;;;;;;
27/11/2019;19.5094;;;;;;;;
28/11/2019;19.4704;;;;;;;;
29/11/2019;19.562;;;;;;;;
2/12/2019;19.577;;;;;;;;
3/12/2019;19.548;;;;;;;;
4/12/2019;19.4255;;;;;;;;
5/12/2019;19.369;;;;;;;;
6/12/2019;19.301;;;;;;;;
9/12/2019;19.2285;;;;;;;;
10/12/2019;19.2534;;;;;;;;
11/12/2019;19.1145;;;;;;;;
12/12/2019;19.05;;;;;;;;
13/12/2019;19.0079;;;;;;;;
16/12/2019;18.9252;;;;;;;;
17/12/2019;18.926;;;;;;;;
18/12/2019;18.96;;;;;;;;
19/12/2019;18.913;;;;;;;;
20/12/2019;18.939;;;;;;;;
23/12/2019;18.952;;;;;;;;
24/12/2019;18.973;;;;;;;;
25/12/2019;18.969;;;;;;;;
26/12/2019;18.931;;;;;;;;
27/12/2019;18.8316;;;;;;;;
30/12/2019;18.923;;;;;;;;
31/12/2019;18.925;;;;;;;;
1/1/2020;18.925;;;;;;;;
2/1/2020;18.832;;;;;;;;
3/1/2020;18.917;;;;;;;;
6/1/2020;18.837;;;;;;;;
7/1/2020;18.898;;;;;;;;
8/1/2020;18.808;;;;;;;;
9/1/2020;18.832;;;;;;;;
10/1/2020;18.781;;;;;;;;
13/1/2020;18.7931;;;;;;;;
14/1/2020;18.7753;;;;;;;;
15/1/2020;18.7831;;;;;;;;
16/1/2020;18.7722;;;;;;;;
17/1/2020;18.6549;;;;;;;;
20/1/2020;18.6586;;;;;;;;
21/1/2020;18.7625;;;;;;;;
22/1/2020;18.6807;;;;;;;;
23/1/2020;18.757;;;;;;;;
24/1/2020;18.79;;;;;;;;
27/1/2020;18.905;;;;;;;;
28/1/2020;18.7155;;;;;;;;
29/1/2020;18.6915;;;;;;;;
30/1/2020;18.7726;;;;;;;;
31/1/2020;18.8353;;;;;;;;
3/2/2020;18.809;;;;;;;;
4/2/2020;18.658;;;;;;;;
5/2/2020;18.591;;;;;;;;
6/2/2020;18.6542;;;;;;;;
7/2/2020;18.7608;;;;;;;;
10/2/2020;18.6972;;;;;;;;
11/2/2020;18.6544;;;;;;;;
12/2/2020;18.6123;;;;;;;;
13/2/2020;18.59;;;;;;;;
14/2/2020;18.5334;;;;;;;;
17/2/2020;18.548;;;;;;;;
18/2/2020;18.5872;;;;;;;;
19/2/2020;18.5585;;;;;;;;
20/2/2020;18.827;;;;;;;;
21/2/2020;18.8949;;;;;;;;
24/2/2020;19.0599;;;;;;;;
25/2/2020;19.08;;;;;;;;
26/2/2020;19.282;;;;;;;;
27/2/2020;19.508;;;;;;;;
28/2/2020;19.611;;;;;;;;
2/3/2020;19.4;;;;;;;;
3/3/2020;19.448;;;;;;;;
4/3/2020;19.5289;;;;;;;;
5/3/2020;19.8445;;;;;;;;
6/3/2020;20.1024;;;;;;;;
9/3/2020;20.784;;;;;;;;
10/3/2020;20.8435;;;;;;;;
11/3/2020;21.3805;;;;;;;;
12/3/2020;21.901;;;;;;;;
13/3/2020;21.902;;;;;;;;
16/3/2020;22.85;;;;;;;;
17/3/2020;22.9367;;;;;;;;
18/3/2020;23.7064;;;;;;;;
19/3/2020;24.0225;;;;;;;;
20/3/2020;24.4215;;;;;;;;
23/3/2020;25.338;;;;;;;;
24/3/2020;24.827;;;;;;;;
25/3/2020;23.931;;;;;;;;
26/3/2020;22.93;;;;;;;;
27/3/2020;23.301;;;;;;;;
30/3/2020;23.788;;;;;;;;
31/3/2020;23.714;;;;;;;;
1/4/2020;24.201;;;;;;;;
2/4/2020;24.221;;;;;;;;
3/4/2020;24.961;;;;;;;;
6/4/2020;24.6266;;;;;;;;
7/4/2020;24.295;;;;;;;;
8/4/2020;24.0075;;;;;;;;
9/4/2020;23.56;;;;;;;;
10/4/2020;23.33;;;;;;;;
13/4/2020;23.586;;;;;;;;
14/4/2020;23.37;;;;;;;;
15/4/2020;23.974;;;;;;;;
16/4/2020;24.001;;;;;;;;
17/4/2020;23.671;;;;;;;;
20/4/2020;24.038;;;;;;;;
21/4/2020;24.393;;;;;;;;
22/4/2020;24.467;;;;;;;;
23/4/2020;24.806;;;;;;;;
24/4/2020;24.949;;;;;;;;
27/4/2020;24.6759;;;;;;;;
28/4/2020;24.271;;;;;;;;
29/4/2020;23.738;;;;;;;;
30/4/2020;24.151;;;;;;;;
1/5/2020;24.5681;;;;;;;;
4/5/2020;24.06;;;;;;;;
5/5/2020;23.986;;;;;;;;
6/5/2020;24.353;;;;;;;;
7/5/2020;24.031;;;;;;;;
8/5/2020;23.621;;;;;;;;
11/5/2020;23.921;;;;;;;;
12/5/2020;24.355;;;;;;;;
13/5/2020;24.2009;;;;;;;;
14/5/2020;23.86;;;;;;;;
15/5/2020;23.9282;;;;;;;;
18/5/2020;23.746;;;;;;;;
19/5/2020;23.681;;;;;;;;
20/5/2020;23.191;;;;;;;;
21/5/2020;22.8644;;;;;;;;
22/5/2020;22.725;;;;;;;;
25/5/2020;22.5342;;;;;;;;
26/5/2020;22.186;;;;;;;;
27/5/2020;22.288;;;;;;;;
28/5/2020;22.2179;;;;;;;;
29/5/2020;22.1675;;;;;;;;
1/6/2020;22.024;;;;;;;;
2/6/2020;21.7817;;;;;;;;
3/6/2020;21.7579;;;;;;;;
4/6/2020;21.928;;;;;;;;
5/6/2020;21.5844;;;;;;;;
8/6/2020;21.492;;;;;;;;
9/6/2020;21.9017;;;;;;;;
10/6/2020;21.857;;;;;;;;
11/6/2020;22.7368;;;;;;;;
12/6/2020;22.2189;;;;;;;;
15/6/2020;22.2139;;;;;;;;
16/6/2020;22.3095;;;;;;;;
17/6/2020;22.301;;;;;;;;
18/6/2020;22.7418;;;;;;;;
19/6/2020;22.6328;;;;;;;;
22/6/2020;22.486;;;;;;;;
23/6/2020;22.4082;;;;;;;;
24/6/2020;22.7772;;;;;;;;
25/6/2020;22.6452;;;;;;;;
26/6/2020;23.0485;;;;;;;;
29/6/2020;23.0595;;;;;;;;
30/6/2020;22.9889;;;;;;;;
1/7/2020;22.666;;;;;;;;
2/7/2020;22.465;;;;;;;;
3/7/2020;22.3915;;;;;;;;
6/7/2020;22.3259;;;;;;;;
7/7/2020;22.841;;;;;;;;
8/7/2020;22.655;;;;;;;;
9/7/2020;22.626;;;;;;;;
10/7/2020;22.4435;;;;;;;;
13/7/2020;22.7615;;;;;;;;
14/7/2020;22.443;;;;;;;;
15/7/2020;22.322;;;;;;;;
16/7/2020;22.4119;;;;;;;;
17/7/2020;22.54;;;;;;;;
20/7/2020;22.479;;;;;;;;
21/7/2020;22.3327;;;;;;;;
22/7/2020;22.358;;;;;;;;
23/7/2020;22.489;;;;;;;;
24/7/2020;22.259;;;;;;;;
27/7/2020;21.914;;;;;;;;
28/7/2020;21.925;;;;;;;;
29/7/2020;21.961;;;;;;;;
30/7/2020;22.004;;;;;;;;
31/7/2020;22.2714;;;;;;;;
3/8/2020;22.6246;;;;;;;;
4/8/2020;22.647;;;;;;;;
5/8/2020;22.3576;;;;;;;;
6/8/2020;22.368;;;;;;;;
7/8/2020;22.3576;;;;;;;;
10/8/2020;22.447;;;;;;;;
11/8/2020;22.386;;;;;;;;
12/8/2020;22.342;;;;;;;;
13/8/2020;22.132;;;;;;;;
14/8/2020;21.9742;;;;;;;;
17/8/2020;22.167;;;;;;;;
18/8/2020;22.1496;;;;;;;;
19/8/2020;22.1231;;;;;;;;
20/8/2020;22.074;;;;;;;;
21/8/2020;21.9598;;;;;;;;
24/8/2020;21.979;;;;;;;;
25/8/2020;21.885;;;;;;;;
26/8/2020;21.931;;;;;;;;
27/8/2020;22.1338;;;;;;;;
28/8/2020;21.7523;;;;;;;;
31/8/2020;21.8785;;;;;;;;
1/9/2020;21.79;;;;;;;;
2/9/2020;21.71;;;;;;;;
3/9/2020;21.66;;;;;;;;
4/9/2020;21.566;;;;;;;;
7/9/2020;21.6195;;;;;;;;
8/9/2020;21.76;;;;;;;;
9/9/2020;21.352;;;;;;;;
10/9/2020;21.436;;;;;;;;
11/9/2020;21.2663;;;;;;;;
14/9/2020;21.074;;;;;;;;
15/9/2020;21.143;;;;;;;;
16/9/2020;20.929;;;;;;;;
17/9/2020;20.851;;;;;;;;
18/9/2020;21.1272;;;;;;;;
21/9/2020;21.346;;;;;;;;
22/9/2020;21.723;;;;;;;;
23/9/2020;22.3812;;;;;;;;
24/9/2020;22.147;;;;;;;;
25/9/2020;22.3389;;;;;;;;
28/9/2020;22.395;;;;;;;;
29/9/2020;22.464;;;;;;;;
30/9/2020;22.099;;;;;;;;
1/10/2020;21.823;;;;;;;;
2/10/2020;21.6103;;;;;;;;
5/10/2020;21.383;;;;;;;;
6/10/2020;21.721;;;;;;;;
7/10/2020;21.454;;;;;;;;
8/10/2020;21.372;;;;;;;;
9/10/2020;21.1396;;;;;;;;
12/10/2020;21.226;;;;;;;;
13/10/2020;21.347;;;;;;;;
14/10/2020;21.333;;;;;;;;
15/10/2020;21.2749;;;;;;;;
16/10/2020;21.123;;;;;;;;
19/10/2020;21.188;;;;;;;;
20/10/2020;21.1211;;;;;;;;
21/10/2020;21.098;;;;;;;;
22/10/2020;20.948;;;;;;;;
23/10/2020;20.868;;;;;;;;
26/10/2020;20.915;;;;;;;;
27/10/2020;21.029;;;;;;;;
28/10/2020;21.28;;;;;;;;
29/10/2020;21.387;;;;;;;;
30/10/2020;21.171;;;;;;;;
2/11/2020;21.3743;;;;;;;;
3/11/2020;21.1;;;;;;;;
4/11/2020;20.901;;;;;;;;
5/11/2020;20.67;;;;;;;;
6/11/2020;20.544;;;;;;;;
9/11/2020;20.328;;;;;;;;
10/11/2020;20.313;;;;;;;;
11/11/2020;20.464;;;;;;;;
12/11/2020;20.633;;;;;;;;
13/11/2020;20.3917;;;;;;;;
16/11/2020;20.246;;;;;;;;
17/11/2020;20.307;;;;;;;;
18/11/2020;20.362;;;;;;;;
19/11/2020;20.179;;;;;;;;
20/11/2020;20.0975;;;;;;;;
23/11/2020;20.162;;;;;;;;
24/11/2020;19.998;;;;;;;;
25/11/2020;19.939;;;;;;;;
26/11/2020;20.027;;;;;;;;
27/11/2020;20.0265;;;;;;;;
30/11/2020;20.166;;;;;;;;
1/12/2020;20.019;;;;;;;;
2/12/2020;19.96;;;;;;;;
3/12/2020;19.879;;;;;;;;
4/12/2020;19.7682;;;;;;;;
7/12/2020;19.857;;;;;;;;
8/12/2020;19.765;;;;;;;;
9/12/2020;19.856;;;;;;;;
10/12/2020;19.995;;;;;;;;
11/12/2020;20.1351;;;;;;;;
14/12/2020;20.2412;;;;;;;;
15/12/2020;19.888;;;;;;;;
16/12/2020;19.824;;;;;;;;
17/12/2020;19.794;;;;;;;;
18/12/2020;19.9355;;;;;;;;
21/12/2020;19.941;;;;;;;;
22/12/2020;20.1311;;;;;;;;
23/12/2020;20.0491;;;;;;;;
24/12/2020;19.857;;;;;;;;
25/12/2020;19.8561;;;;;;;;
28/12/2020;20.001;;;;;;;;
29/12/2020;19.89;;;;;;;;
30/12/2020;19.89;;;;;;;;
31/12/2020;19.871;;;;;;;;
1/1/2021;19.875;;;;;;;;
4/1/2021;19.953;;;;;;;;
5/1/2021;19.878;;;;;;;;
6/1/2021;19.635;;;;;;;;
7/1/2021;19.9994;;;;;;;;
8/1/2021;20.0069;;;;;;;;
11/1/2021;20.0585;;;;;;;;
12/1/2021;19.773;;;;;;;;
13/1/2021;19.8392;;;;;;;;
14/1/2021;19.7061;;;;;;;;
15/1/2021;19.772;;;;;;;;
18/1/2021;19.6708;;;;;;;;
19/1/2021;19.65;;;;;;;;
20/1/2021;19.588;;;;;;;;
21/1/2021;19.714;;;;;;;;
22/1/2021;19.963;;;;;;;;
25/1/2021;20.1037;;;;;;;;
26/1/2021;19.963;;;;;;;;
27/1/2021;20.28;;;;;;;;
28/1/2021;20.2316;;;;;;;;
29/1/2021;20.5855;;;;;;;;
1/2/2021;20.365;;;;;;;;
2/2/2021;20.115;;;;;;;;
3/2/2021;20.185;;;;;;;;
4/2/2021;20.371;;;;;;;;
5/2/2021;20.077;;;;;;;;
8/2/2021;20.101;;;;;;;;
9/2/2021;20.075;;;;;;;;
10/2/2021;20.021;;;;;;;;
11/2/2021;19.943;;;;;;;;
12/2/2021;19.93;;;;;;;;
15/2/2021;19.95;;;;;;;;
16/2/2021;20.133;;;;;;;;
17/2/2021;20.207;;;;;;;;
18/2/2021;20.289;;;;;;;;
19/2/2021;20.425;;;;;;;;
22/2/2021;20.714;;;;;;;;
23/2/2021;20.5;;;;;;;;
24/2/2021;20.359;;;;;;;;
25/2/2021;20.836;;;;;;;;
26/2/2021;20.848;;;;;;;;
1/3/2021;20.64;;;;;;;;
2/3/2021;20.596;;;;;;;;
3/3/2021;20.935;;;;;;;;
4/3/2021;21.118;;;;;;;;
5/3/2021;21.301;;;;;;;;
8/3/2021;21.509;;;;;;;;
9/3/2021;21.188;;;;;;;;
10/3/2021;20.872;;;;;;;;
11/3/2021;20.598;;;;;;;;
12/3/2021;20.725;;;;;;;;
15/3/2021;20.631;;;;;;;;
16/3/2021;20.6213;;;;;;;;
17/3/2021;20.388;;;;;;;;
18/3/2021;20.471;;;;;;;;
19/3/2021;20.494;;;;;;;;
22/3/2021;20.555;;;;;;;;
23/3/2021;20.831;;;;;;;;
24/3/2021;20.921;;;;;;;;
25/3/2021;20.675;;;;;;;;
26/3/2021;20.58;;;;;;;;
29/3/2021;20.6081;;;;;;;;
30/3/2021;20.57;;;;;;;;
31/3/2021;20.422;;;;;;;;
1/4/2021;20.275;;;;;;;;
2/4/2021;20.295;;;;;;;;
5/4/2021;20.3;;;;;;;;
6/4/2021;20.1656;;;;;;;;
7/4/2021;20.2054;;;;;;;;
8/4/2021;20.086;;;;;;;;
9/4/2021;20.146;;;;;;;;
12/4/2021;20.128;;;;;;;;
13/4/2021;20.0843;;;;;;;;
14/4/2021;20.061;;;;;;;;
15/4/2021;19.934;;;;;;;;
16/4/2021;19.915;;;;;;;;
19/4/2021;19.813;;;;;;;;
20/4/2021;19.96;;;;;;;;
21/4/2021;19.873;;;;;;;;
22/4/2021;19.914;;;;;;;;
23/4/2021;19.815;;;;;;;;
26/4/2021;19.85;;;;;;;;
27/4/2021;20.04;;;;;;;;
28/4/2021;19.901;;;;;;;;
29/4/2021;20.04;;;;;;;;
30/4/2021;20.226;;;;;;;;
3/5/2021;20.161;;;;;;;;
4/5/2021;20.18;;;;;;;;
5/5/2021;20.244;;;;;;;;
6/5/2021;20.058;;;;;;;;
7/5/2021;19.9;;;;;;;;
10/5/2021;19.922;;;;;;;;
11/5/2021;19.949;;;;;;;;
12/5/2021;20.156;;;;;;;;
13/5/2021;19.925;;;;;;;;
14/5/2021;19.857;;;;;;;;
17/5/2021;19.769;;;;;;;;
18/5/2021;19.832;;;;;;;;
19/5/2021;19.917;;;;;;;;
20/5/2021;19.8611;;;;;;;;
21/5/2021;19.932;;;;;;;;
24/5/2021;19.85;;;;;;;;
25/5/2021;19.914;;;;;;;;
26/5/2021;19.867;;;;;;;;
27/5/2021;19.941;;;;;;;;
28/5/2021;19.905;;;;;;;;
31/5/2021;19.9461;;;;;;;;
1/6/2021;19.964;;;;;;;;
2/6/2021;19.886;;;;;;;;
3/6/2021;20.154;;;;;;;;
4/6/2021;19.958;;;;;;;;
7/6/2021;19.7991;;;;;;;;
8/6/2021;19.694;;;;;;;;
9/6/2021;19.7315;;;;;;;;
10/6/2021;19.679;;;;;;;;
11/6/2021;19.8775;;;;;;;;
14/6/2021;19.948;;;;;;;;
15/6/2021;20.005;;;;;;;;
16/6/2021;20.402;;;;;;;;
17/6/2021;20.413;;;;;;;;
18/6/2021;20.658;;;;;;;;
21/6/2021;20.4749;;;;;;;;
22/6/2021;20.335;;;;;;;;
23/6/2021;20.165;;;;;;;;
24/6/2021;19.8505;;;;;;;;
25/6/2021;19.809;;;;;;;;
28/6/2021;19.8199;;;;;;;;
29/6/2021;19.803;;;;;;;;
30/6/2021;19.931;;;;;;;;
1/7/2021;19.986;;;;;;;;
2/7/2021;19.758;;;;;;;;
5/7/2021;19.8481;;;;;;;;
6/7/2021;20.011;;;;;;;;
7/7/2021;19.923;;;;;;;;
8/7/2021;19.994;;;;;;;;
9/7/2021;19.849;;;;;;;;
12/7/2021;19.8453;;;;;;;;
13/7/2021;20.054;;;;;;;;
14/7/2021;19.8669;;;;;;;;
15/7/2021;19.935;;;;;;;;
16/7/2021;19.875;;;;;;;;
19/7/2021;20.071;;;;;;;;
20/7/2021;20.1389;;;;;;;;
21/7/2021;20.131;;;;;;;;
22/7/2021;20.105;;;;;;;;
23/7/2021;20.042;;;;;;;;
26/7/2021;20.027;;;;;;;;
27/7/2021;19.971;;;;;;;;
28/7/2021;19.906;;;;;;;;
29/7/2021;19.838;;;;;;;;
30/7/2021;19.855;;;;;;;;
2/8/2021;19.896;;;;;;;;
3/8/2021;19.87;;;;;;;;
4/8/2021;19.98;;;;;;;;
5/8/2021;19.914;;;;;;;;
6/8/2021;20.024;;;;;;;;
9/8/2021;20.066;;;;;;;;
10/8/2021;20.082;;;;;;;;
11/8/2021;19.915;;;;;;;;
12/8/2021;19.946;;;;;;;;
13/8/2021;19.859;;;;;;;;
16/8/2021;19.886;;;;;;;;
17/8/2021;19.997;;;;;;;;
18/8/2021;20.0425;;;;;;;;
19/8/2021;20.152;;;;;;;;
20/8/2021;20.347;;;;;;;;
23/8/2021;20.301;;;;;;;;
24/8/2021;20.2;;;;;;;;
25/8/2021;20.215;;;;;;;;
26/8/2021;20.351;;;;;;;;
27/8/2021;20.1922;;;;;;;;
30/8/2021;20.1301;;;;;;;;
31/8/2021;20.063;;;;;;;;
1/9/2021;19.982;;;;;;;;
2/9/2021;19.9557;;;;;;;;
3/9/2021;19.915;;;;;;;;
6/9/2021;19.909;;;;;;;;
7/9/2021;19.922;;;;;;;;
8/9/2021;19.931;;;;;;;;
9/9/2021;19.917;;;;;;;;
10/9/2021;19.881;;;;;;;;
13/9/2021;19.865;;;;;;;;
14/9/2021;19.903;;;;;;;;
15/9/2021;19.854;;;;;;;;
16/9/2021;19.931;;;;;;;;
17/9/2021;20.0141;;;;;;;;
20/9/2021;20.1376;;;;;;;;
21/9/2021;20.128;;;;;;;;
22/9/2021;20.0831;;;;;;;;
23/9/2021;20.0431;;;;;;;;
24/9/2021;20.04;;;;;;;;
27/9/2021;20.093;;;;;;;;
28/9/2021;20.3166;;;;;;;;
29/9/2021;20.485;;;;;;;;
30/9/2021;20.63;;;;;;;;
1/10/2021;20.429;;;;;;;;
4/10/2021;20.479;;;;;;;;
5/10/2021;20.552;;;;;;;;
6/10/2021;20.549;;;;;;;;
7/10/2021;20.643;;;;;;;;
8/10/2021;20.689;;;;;;;;
11/10/2021;20.855;;;;;;;;
12/10/2021;20.7752;;;;;;;;
13/10/2021;20.5475;;;;;;;;
14/10/2021;20.539;;;;;;;;
15/10/2021;20.329;;;;;;;;
18/10/2021;20.4036;;;;;;;;
19/10/2021;20.227;;;;;;;;
20/10/2021;20.1972;;;;;;;;
21/10/2021;20.293;;;;;;;;
22/10/2021;20.165;;;;;;;;
25/10/2021;20.153;;;;;;;;
26/10/2021;20.2;;;;;;;;
27/10/2021;20.301;;;;;;;;
28/10/2021;20.365;;;;;;;;
29/10/2021;20.545;;;;;;;;
1/11/2021;20.831;;;;;;;;
2/11/2021;20.777;;;;;;;;
3/11/2021;20.53;;;;;;;;
4/11/2021;20.5382;;;;;;;;
5/11/2021;20.317;;;;;;;;
8/11/2021;20.32;;;;;;;;
9/11/2021;20.301;;;;;;;;
10/11/2021;20.621;;;;;;;;
11/11/2021;20.6328;;;;;;;;
12/11/2021;20.509;;;;;;;;
15/11/2021;20.603;;;;;;;;
16/11/2021;20.7216;;;;;;;;
17/11/2021;20.64;;;;;;;;
18/11/2021;20.765;;;;;;;;
19/11/2021;20.8415;;;;;;;;
22/11/2021;20.985;;;;;;;;
23/11/2021;21.1758;;;;;;;;
24/11/2021;21.409;;;;;;;;
25/11/2021;21.5575;;;;;;;;
26/11/2021;21.91;;;;;;;;
29/11/2021;21.6686;;;;;;;;
30/11/2021;21.4368;;;;;;;;
1/12/2021;21.5016;;;;;;;;
2/12/2021;21.248;;;;;;;;
3/12/2021;21.273;;;;;;;;
6/12/2021;21.207;;;;;;;;
7/12/2021;21.022;;;;;;;;
8/12/2021;20.921;;;;;;;;
9/12/2021;20.937;;;;;;;;
10/12/2021;20.866;;;;;;;;
13/12/2021;21.01;;;;;;;;
14/12/2021;21.22;;;;;;;;
15/12/2021;21.0071;;;;;;;;
16/12/2021;20.805;;;;;;;;
17/12/2021;20.833;;;;;;;;
20/12/2021;20.774;;;;;;;;
21/12/2021;20.801;;;;;;;;
22/12/2021;20.695;;;;;;;;
23/12/2021;20.625;;;;;;;;
24/12/2021;20.6;;;;;;;;
27/12/2021;20.672;;;;;;;;
28/12/2021;20.642;;;;;;;;
29/12/2021;20.559;;;;;;;;
30/12/2021;20.4586;;;;;;;;
31/12/2021;20.487;;;;;;;;
3/1/2022;20.494;;;;;;;;
4/1/2022;20.501;;;;;;;;
5/1/2022;20.565;;;;;;;;
6/1/2022;20.486;;;;;;;;
7/1/2022;20.36;;;;;;;;
10/1/2022;20.36;;;;;;;;
11/1/2022;20.375;;;;;;;;
12/1/2022;20.334;;;;;;;;
13/1/2022;20.333;;;;;;;;
14/1/2022;20.29;;;;;;;;
17/1/2022;20.281;;;;;;;;
18/1/2022;20.396;;;;;;;;
19/1/2022;20.502;;;;;;;;
20/1/2022;20.529;;;;;;;;
21/1/2022;20.451;;;;;;;;
24/1/2022;20.561;;;;;;;;
25/1/2022;20.6;;;;;;;;
26/1/2022;20.731;;;;;;;;
27/1/2022;20.749;;;;;;;;
28/1/2022;20.789;;;;;;;;
31/1/2022;20.625;;;;;;;;
1/2/2022;20.53;;;;;;;;
2/2/2022;20.563;;;;;;;;
3/2/2022;20.531;;;;;;;;
4/2/2022;20.6785;;;;;;;;
7/2/2022;20.578;;;;;;;;
8/2/2022;20.598;;;;;;;;
9/2/2022;20.462;;;;;;;;
10/2/2022;20.543;;;;;;;;
11/2/2022;20.526;;;;;;;;
14/2/2022;20.405;;;;;;;;
15/2/2022;20.3894;;;;;;;;
16/2/2022;20.2703;;;;;;;;
17/2/2022;20.284;;;;;;;;
18/2/2022;20.28;;;;;;;;
21/2/2022;20.295;;;;;;;;
22/2/2022;20.289;;;;;;;;
23/2/2022;20.226;;;;;;;;
24/2/2022;20.541;;;;;;;;
25/2/2022;20.335;;;;;;;;
28/2/2022;20.461;;;;;;;;
1/3/2022;20.635;;;;;;;;
2/3/2022;20.593;;;;;;;;
3/3/2022;20.6336;;;;;;;;
4/3/2022;20.935;;;;;;;;
7/3/2022;21.3;;;;;;;;
8/3/2022;21.369;;;;;;;;
9/3/2022;20.892;;;;;;;;
10/3/2022;20.925;;;;;;;;
11/3/2022;20.897;;;;;;;;
14/3/2022;20.9;;;;;;;;
15/3/2022;20.82;;;;;;;;
16/3/2022;20.632;;;;;;;;
17/3/2022;20.515;;;;;;;;
18/3/2022;20.34;;;;;;;;
21/3/2022;20.3682;;;;;;;;
22/3/2022;20.27;;;;;;;;
23/3/2022;20.2208;;;;;;;;
24/3/2022;20.075;;;;;;;;
25/3/2022;20.02;;;;;;;;
28/3/2022;20.11;;;;;;;;
29/3/2022;19.964;;;;;;;;
30/3/2022;19.856;;;;;;;;
31/3/2022;19.845;;;;;;;;
1/4/2022;19.835;;;;;;;;
4/4/2022;19.788;;;;;;;;
5/4/2022;19.9813;;;;;;;;
